"","Survived","Pclass","Sex","SibSp","Parch","Embarked","Child","Title","FamilySize","Age","Fare"
"1","0","3","male",1,0,"S",0,"Mr",2,0.273456094200175,0.014151057562208
"2","1","1","female",1,0,"C",0,"Mrs",2,0.473881999248403,0.139135735382641
"3","1","3","female",0,0,"S",0,"Miss",1,0.323562570462232,0.0154685698179998
"4","1","1","female",1,0,"S",0,"Mrs",2,0.43630214205186,0.10364429745562
"5","0","3","male",0,0,"S",0,"Mr",1,0.43630214205186,0.0157125535690724
"6","0","3","male",0,0,"Q",0,"Mr",1,0.372180103561368,0.0165095020935758
"7","0","1","male",0,0,"S",0,"Mr",1,0.67430790429663,0.101228858320002
"8","0","3","male",3,1,"S",1,"Master",5,0.022923712889891,0.0411356604308324
"9","1","3","female",0,2,"S",0,"Mrs",3,0.336089189527746,0.0217307543665284
"10","1","2","female",1,0,"C",1,"Mrs",2,0.173243141676062,0.0586942926540201
"11","1","3","female",1,1,"S",1,"Miss",3,0.0479769510209195,0.032596229143293
"12","1","1","female",0,0,"S",0,"Miss",1,0.724414380558687,0.0518221487278102
"13","0","3","male",0,0,"S",0,"Mr",1,0.248402856069147,0.0157125535690724
"14","0","3","male",1,5,"S",0,"Mr",7,0.486408618313917,0.0610447345183526
"15","0","3","female",0,0,"S",1,"Miss",1,0.173243141676062,0.0153303774213923
"16","1","2","female",0,0,"S",0,"Mrs",1,0.686834523362145,0.0312299201372867
"17","0","3","male",4,1,"Q",1,"Master",6,0.022923712889891,0.0568482139999047
"18","1","2","male",0,0,"S",0,"Mr",1,0.372180103561368,0.0253743101115455
"19","0","3","female",1,0,"S",0,"Mrs",2,0.386195665789803,0.0351336601544476
"20","1","3","female",0,0,"C",0,"Mrs",1,0.372180103561368,0.0141022608119935
"21","0","2","male",0,0,"S",0,"Mr",1,0.43630214205186,0.0507486202230909
"22","1","2","male",0,0,"S",0,"Mr",1,0.423775522986346,0.0253743101115455
"23","1","3","female",0,0,"Q",1,"Miss",1,0.185769760741576,0.0156719546728939
"24","1","1","male",0,0,"S",0,"Mr",1,0.348615808593261,0.0692913853046049
"25","0","3","female",3,1,"S",1,"Miss",5,0.0980834272829763,0.0411356604308324
"26","1","3","female",1,5,"S",0,"Mrs",7,0.473881999248403,0.0612643198943179
"27","0","3","male",0,0,"C",0,"Mr",1,0.372180103561368,0.0141022608119935
"28","0","1","male",3,2,"S",0,"Mr",6,0.235876237003633,0.513341812256651
"29","1","3","female",0,0,"Q",0,"Miss",1,0.372180103561368,0.0153791741716068
"30","0","3","male",0,0,"S",0,"Mr",1,0.372180103561368,0.0154115752137493
"31","0","1","male",0,0,"C",0,"Sir",1,0.498935237379431,0.0541073981338561
"32","1","1","female",1,0,"C",0,"Mrs",2,0.372180103561368,0.28598955515321
"33","1","3","female",0,0,"Q",0,"Miss",1,0.372180103561368,0.0151269925664983
"34","0","2","male",0,0,"S",0,"Mr",1,0.824627333082801,0.0204946350900944
"35","0","1","male",1,0,"C",0,"Mr",2,0.348615808593261,0.16038672010106
"36","0","1","male",1,0,"S",0,"Mr",2,0.52398847551046,0.101497240446182
"37","1","3","male",0,0,"C",0,"Mr",1,0.372180103561368,0.0141104586660296
"38","0","3","male",0,0,"S",0,"Mr",1,0.260929475134661,0.0157125535690724
"39","0","3","female",2,0,"S",0,"Miss",3,0.223349617938118,0.0351336601544476
"40","1","3","female",1,0,"C",1,"Miss",2,0.173243141676062,0.0219423370754585
"41","0","3","female",1,0,"S",0,"Mrs",2,0.498935237379431,0.0184939683312995
"42","0","2","female",1,0,"S",0,"Mrs",2,0.336089189527746,0.0409892701801888
"43","0","3","male",0,0,"C",0,"Mr",1,0.372180103561368,0.0154115752137493
"44","1","2","female",1,2,"C",1,"Miss",4,0.0354503319554052,0.081157193460767
"45","1","3","female",0,0,"Q",0,"Miss",1,0.235876237003633,0.0153791741716068
"46","0","3","male",0,0,"S",0,"Mr",1,0.372180103561368,0.0157125535690724
"47","0","3","male",1,0,"Q",0,"Mr",2,0.372180103561368,0.0302539851329965
"48","1","3","female",0,0,"Q",0,"Miss",1,0.372180103561368,0.0151269925664983
"49","0","3","male",2,0,"C",0,"Mr",3,0.372180103561368,0.0423149802900167
"50","0","3","female",1,0,"S",0,"Mrs",2,0.223349617938118,0.0347432861527315
"51","0","3","male",4,1,"S",1,"Master",6,0.0855568082174621,0.0774648409655354
"52","0","3","male",0,0,"S",0,"Mr",1,0.260929475134661,0.0152245860669273
"53","1","1","female",1,0,"C",0,"Mrs",2,0.611674808969059,0.149765424262369
"54","1","2","female",1,0,"S",0,"Mrs",2,0.361142427658775,0.0507486202230909
"55","0","1","male",0,1,"C",0,"Mr",2,0.812100714017287,0.120975341635808
"56","1","1","male",0,0,"S",0,"Mr",1,0.372180103561368,0.0692913853046049
"57","1","2","female",0,0,"S",0,"Miss",1,0.260929475134661,0.0204946350900944
"58","0","3","male",0,0,"C",0,"Mr",1,0.354879118126018,0.0141104586660296
"59","1","2","female",1,2,"S",1,"Miss",4,0.0605035700864337,0.0541643927381067
"60","0","3","male",5,2,"S",1,"Master",8,0.135663284479519,0.0915427034024217
"61","0","3","male",0,0,"C",0,"Mr",1,0.273456094200175,0.0141104586660296
"62","1","1","female",0,0,"S",0,"Miss",1,0.473881999248403,0.156149600686434
"63","0","1","male",1,0,"S",0,"Mr",2,0.561568332707002,0.162932348966251
"64","0","3","male",3,2,"S",1,"Master",6,0.0479769510209195,0.0544571732393937
"65","0","1","male",0,0,"C",0,"Mr",1,0.372180103561368,0.0541073981338561
"66","1","3","male",1,1,"C",0,"Master",3,0.372180103561368,0.0297578197768154
"67","1","2","female",0,0,"S",0,"Mrs",1,0.361142427658775,0.0204946350900944
"68","0","3","male",0,0,"S",0,"Mr",1,0.235876237003633,0.0159239410910016
"69","1","3","female",4,2,"S",1,"Miss",7,0.210822998872604,0.0154685698179998
"70","0","3","male",2,0,"S",0,"Mr",3,0.323562570462232,0.0169080739493279
"71","0","2","male",0,0,"S",0,"Mr",1,0.398722284855318,0.0204946350900944
"72","0","3","female",5,2,"S",1,"Miss",8,0.19829637980709,0.0915427034024217
"73","0","2","male",0,0,"S",0,"Mr",1,0.260929475134661,0.143462445630661
"74","0","3","male",1,0,"C",0,"Mr",2,0.323562570462232,0.0282127194780231
"75","1","3","male",0,0,"S",0,"Mr",1,0.398722284855318,0.110272457630758
"76","0","3","male",0,0,"S",0,"Mr",1,0.311035951396718,0.0149318055656402
"77","0","3","male",0,0,"S",0,"Mr",1,0.372180103561368,0.0154115752137493
"78","0","3","male",0,0,"S",0,"Mr",1,0.372180103561368,0.0157125535690724
"79","1","2","male",0,2,"S",1,"Master",3,0.00826756858323938,0.0566042302488322
"80","1","3","female",0,0,"S",0,"Miss",1,0.373669046724289,0.0243495783570407
"81","0","3","male",0,0,"S",0,"Mr",1,0.273456094200175,0.0175668300772238
"82","1","3","male",0,0,"S",0,"Mr",1,0.361142427658775,0.018542765081514
"83","1","3","female",0,0,"Q",0,"Miss",1,0.372180103561368,0.01520018769182
"84","0","1","male",0,0,"S",0,"Mr",1,0.348615808593261,0.0919330774041378
"85","1","2","female",0,0,"S",1,"Miss",1,0.210822998872604,0.0204946350900944
"86","1","3","female",3,0,"S",0,"Mrs",4,0.411248903920832,0.0309371396359997
"87","0","3","male",1,3,"S",1,"Mr",5,0.19829637980709,0.067095531544952
"88","0","3","male",0,0,"S",0,"Mr",1,0.372180103561368,0.0157125535690724
"89","1","1","female",3,2,"S",0,"Miss",6,0.28598271326569,0.513341812256651
"90","0","3","male",0,0,"S",0,"Mr",1,0.298509332331204,0.0157125535690724
"91","0","3","male",0,0,"S",0,"Mr",1,0.361142427658775,0.0157125535690724
"92","0","3","male",0,0,"S",0,"Mr",1,0.248402856069147,0.0153303774213923
"93","0","1","male",1,0,"S",0,"Mr",2,0.574094951772517,0.119405647774907
"94","0","3","male",1,2,"S",0,"Mr",4,0.323562570462232,0.0401597254265421
"95","0","3","male",0,0,"S",0,"Mr",1,0.736940999624201,0.014151057562208
"96","0","3","male",0,0,"S",0,"Mr",1,0.372180103561368,0.0157125535690724
"97","0","1","male",0,0,"C",0,"Mr",1,0.887260428410372,0.0676404936513476
"98","1","1","male",0,1,"C",0,"Mr",2,0.28598271326569,0.123667165564641
"99","1","2","female",0,1,"S",0,"Mrs",2,0.423775522986346,0.0448930101973497
"100","0","2","male",1,0,"S",0,"Mr",2,0.423775522986346,0.0507486202230909
"101","0","3","female",0,0,"S",0,"Miss",1,0.348615808593261,0.0154115752137493
"102","0","3","male",0,0,"S",0,"Mr",1,0.372180103561368,0.0154115752137493
"103","0","1","male",0,1,"S",0,"Mr",2,0.260929475134661,0.150855153288159
"104","0","3","male",0,0,"S",0,"Mr",1,0.411248903920832,0.0168918734282567
"105","0","3","male",2,0,"S",0,"Mr",3,0.461355380182889,0.0154685698179998
"106","0","3","male",0,0,"S",0,"Mr",1,0.348615808593261,0.0154115752137493
"107","1","3","female",0,0,"S",0,"Miss",1,0.260929475134661,0.0149318055656402
"108","1","3","male",0,0,"S",0,"Mr",1,0.372180103561368,0.0151757893167128
"109","0","3","male",0,0,"S",0,"Mr",1,0.473881999248403,0.0154115752137493
"110","1","3","female",1,0,"Q",0,"Miss",2,0.372180103561368,0.0471376607072172
"111","0","1","male",0,0,"S",0,"Mr",1,0.586621570838031,0.101497240446182
"112","0","3","female",1,0,"C",1,"Miss",2,0.179506451208819,0.0282127194780231
"113","0","3","male",0,0,"S",0,"Mr",1,0.273456094200175,0.0157125535690724
"114","0","3","female",1,0,"S",0,"Miss",2,0.248402856069147,0.0191771228343026
"115","0","3","female",0,0,"C",1,"Miss",1,0.210822998872604,0.0282207221450583
"116","0","3","male",0,0,"S",0,"Mr",1,0.260929475134661,0.0154685698179998
"117","0","3","male",0,0,"Q",0,"Mr",1,0.880997118877615,0.0151269925664983
"118","0","2","male",1,0,"S",0,"Mr",2,0.361142427658775,0.0409892701801888
"119","0","1","male",0,1,"C",0,"Mr",2,0.298509332331204,0.483128426019833
"120","0","3","female",4,2,"S",1,"Miss",7,0.022923712889891,0.0610447345183526
"121","0","2","male",2,0,"S",0,"Mr",3,0.260929475134661,0.143462445630661
"122","0","3","male",0,0,"S",0,"Mr",1,0.372180103561368,0.0157125535690724
"123","0","2","male",1,0,"C",0,"Mr",2,0.404985594388075,0.0586942926540201
"124","1","2","female",0,0,"S",0,"Miss",1,0.404985594388075,0.0253743101115455
"125","0","1","male",0,1,"S",0,"Mr",2,0.67430790429663,0.150855153288159
"126","1","3","male",1,0,"C",1,"Master",2,0.148189903545033,0.0219423370754585
"127","0","3","male",0,0,"Q",0,"Mr",1,0.372180103561368,0.0151269925664983
"128","1","3","male",0,0,"S",0,"Mr",1,0.298509332331204,0.0139396700402788
"129","1","3","female",1,1,"C",0,"Miss",3,0.372180103561368,0.0436404952128436
"130","0","3","male",0,0,"S",0,"Mr",1,0.561568332707002,0.0136142933098484
"131","0","3","male",0,0,"C",0,"Mr",1,0.411248903920832,0.0154115752137493
"132","0","3","male",0,0,"S",0,"Mr",1,0.248402856069147,0.013760683560492
"133","0","3","female",1,0,"S",0,"Mrs",2,0.586621570838031,0.0283021151244161
"134","1","2","female",1,0,"S",0,"Mrs",2,0.361142427658775,0.0507486202230909
"135","0","2","male",0,0,"S",0,"Mr",1,0.311035951396718,0.0253743101115455
"136","0","2","male",0,0,"C",0,"Mr",1,0.28598271326569,0.0293674457750993
"137","1","1","female",0,2,"S",0,"Miss",3,0.235876237003633,0.0513015849965218
"138","0","1","male",1,0,"S",0,"Mr",2,0.461355380182889,0.10364429745562
"139","0","3","male",0,0,"S",1,"Mr",1,0.19829637980709,0.0179898003080832
"140","0","1","male",0,0,"C",0,"Mr",1,0.298509332331204,0.154588104679569
"141","0","3","female",0,2,"C",0,"Mrs",3,0.372180103561368,0.0297578197768154
"142","1","3","female",0,0,"S",0,"Miss",1,0.273456094200175,0.0151269925664983
"143","1","3","female",1,0,"S",0,"Mrs",2,0.298509332331204,0.0309371396359997
"144","0","3","male",0,0,"Q",0,"Mr",1,0.235876237003633,0.0131751225579178
"145","0","2","male",0,0,"S",0,"Mr",1,0.223349617938118,0.0224465050986748
"146","0","2","male",1,1,"S",0,"Mr",3,0.235876237003633,0.0717312228153305
"147","1","3","male",0,0,"S",0,"Mr",1,0.336089189527746,0.0152163882128912
"148","0","3","female",2,2,"S",1,"Miss",5,0.110610046348491,0.067095531544952
"149","0","2","male",0,2,"S",0,"Mr",3,0.455092070650132,0.0507486202230909
"150","0","2","male",0,0,"S",0,"Rev",1,0.52398847551046,0.0253743101115455
"151","0","2","male",0,0,"S",0,"Rev",1,0.636728047100088,0.0244471718574698
"152","1","1","female",1,0,"S",0,"Mrs",2,0.273456094200175,0.129994542571456
"153","0","3","male",0,0,"S",0,"Mr",1,0.693097832894902,0.0157125535690724
"154","0","3","male",0,2,"S",0,"Mr",3,0.505198546912188,0.0283021151244161
"155","0","3","male",0,0,"S",0,"Mr",1,0.372180103561368,0.0142730494377443
"156","0","1","male",0,1,"C",0,"Mr",2,0.636728047100088,0.119804219630659
"157","1","3","female",0,0,"Q",1,"Miss",1,0.19829637980709,0.015094396337355
"158","0","3","male",0,0,"S",0,"Mr",1,0.373669046724289,0.0157125535690724
"159","0","3","male",0,0,"S",0,"Mr",1,0.372180103561368,0.0169080739493279
"160","0","3","male",8,2,"S",0,"Master",11,0.372180103561368,0.135752559096768
"161","0","3","male",0,1,"S",0,"Mr",2,0.549041713641488,0.0314251071381448
"162","1","2","female",0,0,"S",0,"Mrs",1,0.498935237379431,0.0307419526351416
"163","0","3","male",0,0,"S",0,"Mr",1,0.323562570462232,0.0151757893167128
"164","0","3","male",0,0,"S",1,"Mr",1,0.210822998872604,0.0169080739493279
"165","0","3","male",4,1,"S",1,"Master",6,0.0103970938243768,0.0774648409655354
"166","1","3","male",0,2,"S",1,"Master",3,0.110610046348491,0.0400621319261131
"167","1","1","female",0,1,"S",0,"Mrs",2,0.372180103561368,0.107352850471923
"168","0","3","female",1,4,"S",0,"Mrs",6,0.561568332707002,0.0544571732393937
"169","0","1","male",0,0,"S",0,"Mr",1,0.372180103561368,0.0506022299724474
"170","0","3","male",0,0,"S",0,"Mr",1,0.348615808593261,0.110272457630758
"171","0","1","male",0,0,"S",0,"Mr",1,0.76199423775523,0.0653876452874441
"172","0","3","male",4,1,"Q",1,"Master",6,0.0479769510209195,0.0568482139999047
"173","1","3","female",1,1,"S",1,"Miss",3,0.0103970938243768,0.0217307543665284
"174","0","3","male",0,0,"S",0,"Mr",1,0.260929475134661,0.0154685698179998
"175","0","1","male",0,0,"C",0,"Mr",1,0.699361142427659,0.0599142114093829
"176","0","3","male",1,1,"S",0,"Mr",3,0.223349617938118,0.0153303774213923
"177","0","3","male",3,1,"S",0,"Master",5,0.372180103561368,0.049707687947515
"178","0","1","female",0,0,"C",0,"Miss",1,0.624201428034573,0.0560430676213653
"179","0","2","male",0,0,"S",0,"Mr",1,0.373669046724289,0.0253743101115455
"180","0","3","male",0,0,"S",0,"Mr",1,0.448828761117374,0
"181","0","3","female",8,2,"S",0,"Miss",11,0.372180103561368,0.135752559096768
"182","0","2","male",0,0,"C",0,"Mr",1,0.372180103561368,0.0293756436291353
"183","0","3","male",4,2,"S",1,"Master",7,0.110610046348491,0.0612643198943179
"184","1","2","male",2,1,"S",1,"Master",4,0.0103970938243768,0.0761229303346364
"185","1","3","female",0,2,"S",1,"Miss",3,0.0479769510209195,0.0429899369389838
"186","0","1","male",0,0,"S",0,"Mr",1,0.372180103561368,0.097593500429021
"187","1","3","female",1,0,"Q",0,"Mrs",2,0.372180103561368,0.0302539851329965
"188","1","1","male",0,0,"S",0,"Mr",1,0.561568332707002,0.0518221487278102
"189","0","3","male",1,1,"Q",0,"Mr",3,0.498935237379431,0.0302539851329965
"190","0","3","male",0,0,"S",0,"Mr",1,0.448828761117374,0.0154115752137493
"191","1","2","female",0,0,"S",0,"Mrs",1,0.398722284855318,0.0253743101115455
"192","0","2","male",0,0,"S",0,"Mr",1,0.235876237003633,0.0253743101115455
"193","1","3","female",1,0,"S",0,"Miss",2,0.235876237003633,0.0153303774213923
"194","1","2","male",1,1,"S",1,"Master",3,0.0354503319554052,0.0507486202230909
"195","1","1","female",0,0,"C",0,"Mrs",1,0.549041713641488,0.0541073981338561
"196","1","1","female",0,0,"C",0,"Miss",1,0.724414380558687,0.28598955515321
"197","0","3","male",0,0,"Q",0,"Mr",1,0.372180103561368,0.0151269925664983
"198","0","3","male",0,1,"S",0,"Mr",2,0.52398847551046,0.0164039059261116
"199","1","3","female",0,0,"Q",0,"Miss",1,0.372180103561368,0.0151269925664983
"200","0","2","female",0,0,"S",0,"Miss",1,0.298509332331204,0.0253743101115455
"201","0","3","male",0,0,"S",0,"Mr",1,0.348615808593261,0.018542765081514
"202","0","3","male",8,2,"S",0,"Mr",11,0.372180103561368,0.135752559096768
"203","0","3","male",0,0,"S",0,"Mr",1,0.423775522986346,0.0126789572017367
"204","0","3","male",0,0,"C",0,"Mr",1,0.567831642239759,0.0141022608119935
"205","1","3","male",0,0,"S",0,"Mr",1,0.223349617938118,0.0157125535690724
"206","0","3","female",0,1,"S",1,"Miss",2,0.022923712889891,0.0204214399647727
"207","0","3","male",1,0,"S",0,"Mr",2,0.398722284855318,0.0309371396359997
"208","1","3","male",0,0,"C",0,"Mr",1,0.323562570462232,0.0366707577862047
"209","1","3","female",0,0,"Q",1,"Miss",1,0.19829637980709,0.0151269925664983
"210","1","1","male",0,0,"C",0,"Mr",1,0.498935237379431,0.060507970265993
"211","0","3","male",0,0,"S",0,"Mr",1,0.298509332331204,0.013760683560492
"212","1","2","female",0,0,"S",0,"Miss",1,0.43630214205186,0.0409892701801888
"213","0","3","male",0,0,"S",0,"Mr",1,0.273456094200175,0.014151057562208
"214","0","2","male",0,0,"S",0,"Mr",1,0.373669046724289,0.0253743101115455
"215","0","3","male",1,0,"Q",0,"Mr",2,0.372180103561368,0.0151269925664983
"216","1","1","female",1,0,"C",0,"Miss",2,0.386195665789803,0.221098075221947
"217","1","3","female",0,0,"S",0,"Miss",1,0.336089189527746,0.0154685698179998
"218","0","2","male",1,0,"S",0,"Mr",2,0.52398847551046,0.0527004902316714
"219","1","1","female",0,0,"C",0,"Miss",1,0.398722284855318,0.148911481133615
"220","0","2","male",0,0,"S",0,"Mr",1,0.373669046724289,0.0204946350900944
"221","1","3","male",0,0,"S",1,"Mr",1,0.19829637980709,0.0157125535690724
"222","0","2","male",0,0,"S",0,"Mr",1,0.336089189527746,0.0253743101115455
"223","0","3","male",0,0,"S",0,"Mr",1,0.636728047100088,0.0157125535690724
"224","0","3","male",0,0,"S",0,"Mr",1,0.372180103561368,0.0154115752137493
"225","1","1","male",1,0,"S",0,"Mr",2,0.473881999248403,0.175668300772238
"226","0","3","male",0,0,"S",0,"Mr",1,0.273456094200175,0.0182499845802269
"227","1","2","male",0,0,"S",0,"Mr",1,0.235876237003633,0.0204946350900944
"228","0","3","male",0,0,"S",0,"Mr",1,0.254666165601904,0.014151057562208
"229","0","2","male",0,0,"S",0,"Mr",1,0.223349617938118,0.0253743101115455
"230","0","3","female",3,1,"S",0,"Miss",5,0.372180103561368,0.049707687947515
"231","1","1","female",1,0,"S",0,"Mrs",2,0.43630214205186,0.162932348966251
"232","0","3","male",0,0,"S",0,"Mr",1,0.361142427658775,0.0151757893167128
"233","0","2","male",0,0,"S",0,"Mr",1,0.736940999624201,0.0263502451158357
"234","1","3","female",4,2,"S",1,"Miss",7,0.0605035700864337,0.0612643198943179
"235","0","2","male",0,0,"S",0,"Mr",1,0.298509332331204,0.0204946350900944
"236","0","3","female",0,0,"S",0,"Miss",1,0.372180103561368,0.0147366185647822
"237","0","2","male",1,0,"S",0,"Mr",2,0.549041713641488,0.0507486202230909
"238","1","2","female",0,2,"S",1,"Miss",3,0.0980834272829763,0.051236587725236
"239","0","2","male",0,0,"S",0,"Mr",1,0.235876237003633,0.0204946350900944
"240","0","2","male",0,0,"S",0,"Mr",1,0.411248903920832,0.0239592043553247
"241","0","3","female",1,0,"C",0,"Miss",2,0.372180103561368,0.0282127194780231
"242","1","3","female",1,0,"Q",0,"Miss",2,0.372180103561368,0.0302539851329965
"243","0","2","male",0,0,"S",0,"Mr",1,0.361142427658775,0.0204946350900944
"244","0","3","male",0,0,"S",0,"Mr",1,0.273456094200175,0.0139070738111355
"245","0","3","male",0,0,"C",0,"Mr",1,0.373669046724289,0.0141022608119935
"246","0","1","male",2,0,"Q",0,"Dr",3,0.549041713641488,0.175668300772238
"247","0","3","female",0,0,"S",0,"Miss",1,0.311035951396718,0.0151757893167128
"248","1","2","female",0,2,"S",0,"Mrs",3,0.298509332331204,0.0283021151244161
"249","1","1","male",1,1,"S",0,"Mr",3,0.461355380182889,0.102578966804937
"250","0","2","male",1,0,"S",0,"Rev",2,0.67430790429663,0.0507486202230909
"251","0","3","male",0,0,"S",0,"Mr",1,0.372180103561368,0.014151057562208
"252","0","3","female",1,1,"S",0,"Mrs",3,0.361142427658775,0.0204214399647727
"253","0","1","male",0,0,"S",0,"Mr",1,0.774520856820744,0.0518221487278102
"254","0","3","male",1,0,"S",0,"Mr",2,0.373669046724289,0.0314251071381448
"255","0","3","female",0,2,"S",0,"Mrs",3,0.511461856444945,0.0394521725484317
"256","1","3","female",0,2,"C",0,"Mrs",3,0.361142427658775,0.0297578197768154
"257","1","1","female",0,0,"C",0,"Mrs",1,0.372180103561368,0.154588104679569
"258","1","1","female",0,0,"S",0,"Miss",1,0.373669046724289,0.168836755742206
"259","1","1","female",0,0,"C",0,"Miss",1,0.43630214205186,1
"260","1","2","female",0,1,"S",0,"Mrs",2,0.624201428034573,0.0507486202230909
"261","0","3","male",0,0,"Q",0,"Mr",1,0.372180103561368,0.0151269925664983
"262","1","3","male",4,2,"S",1,"Master",7,0.0354503319554052,0.0612643198943179
"263","0","1","male",1,1,"S",0,"Mr",3,0.649254666165602,0.155466446183431
"264","0","1","male",0,0,"S",0,"Mr",1,0.498935237379431,0
"265","0","3","female",0,0,"Q",0,"Miss",1,0.372180103561368,0.0151269925664983
"266","0","2","male",0,0,"S",0,"Mr",1,0.448828761117374,0.0204946350900944
"267","0","3","male",4,1,"S",1,"Mr",6,0.19829637980709,0.0774648409655354
"268","1","3","male",1,0,"S",0,"Mr",2,0.311035951396718,0.0151757893167128
"269","1","1","female",0,1,"S",0,"Mrs",2,0.724414380558687,0.299538851191773
"270","1","1","female",0,0,"S",0,"Miss",1,0.43630214205186,0.264738570434791
"271","0","1","male",0,0,"S",0,"Mr",1,0.372180103561368,0.060507970265993
"272","1","3","male",0,0,"S",0,"Mr",1,0.311035951396718,0
"273","1","2","female",0,1,"S",0,"Mrs",2,0.511461856444945,0.0380614651673182
"274","0","1","male",0,1,"C",0,"Mr",2,0.461355380182889,0.0579705392548385
"275","1","3","female",0,0,"Q",0,"Miss",1,0.372180103561368,0.0151269925664983
"276","1","1","female",1,0,"S",0,"Miss",2,0.787047475886258,0.152164467689915
"277","0","3","female",0,0,"S",0,"Miss",1,0.561568332707002,0.0151269925664983
"278","0","2","male",0,0,"S",0,"Mr",1,0.372180103561368,0
"279","0","3","male",4,1,"Q",1,"Master",6,0.0855568082174621,0.0568482139999047
"280","1","3","female",1,1,"S",0,"Mrs",3,0.43630214205186,0.0395253676737535
"281","0","3","male",0,0,"Q",0,"Mr",1,0.812100714017287,0.0151269925664983
"282","0","3","male",0,0,"S",0,"Mr",1,0.348615808593261,0.0153303774213923
"283","0","3","male",0,0,"S",1,"Mr",1,0.19829637980709,0.018542765081514
"284","1","3","male",0,0,"S",0,"Mr",1,0.235876237003633,0.0157125535690724
"285","0","1","male",0,0,"S",0,"Mr",1,0.372180103561368,0.0507486202230909
"286","0","3","male",0,0,"C",0,"Mr",1,0.411248903920832,0.0169080739493279
"287","1","3","male",0,0,"S",0,"Mr",1,0.373669046724289,0.018542765081514
"288","0","3","male",0,0,"S",0,"Mr",1,0.273456094200175,0.0154115752137493
"289","1","2","male",0,0,"S",0,"Mr",1,0.52398847551046,0.0253743101115455
"290","1","3","female",0,0,"Q",0,"Miss",1,0.273456094200175,0.0151269925664983
"291","1","1","female",0,0,"S",0,"Miss",1,0.323562570462232,0.153904950176566
"292","1","1","female",1,0,"C",0,"Mrs",2,0.235876237003633,0.177774758885498
"293","0","2","male",0,0,"C",0,"Mr",1,0.448828761117374,0.0251303263604729
"294","0","3","female",0,0,"S",0,"Miss",1,0.298509332331204,0.0172740495759367
"295","0","3","male",0,0,"S",0,"Mr",1,0.298509332331204,0.0154115752137493
"296","0","1","male",0,0,"C",0,"Mr",1,0.372180103561368,0.0541073981338561
"297","0","3","male",0,0,"C",0,"Mr",1,0.292246022798447,0.0141104586660296
"298","0","1","female",1,2,"S",1,"Miss",4,0.022923712889891,0.295805899800363
"299","1","1","male",0,0,"S",0,"Mr",1,0.372180103561368,0.0595320352617028
"300","1","1","female",0,1,"C",0,"Mrs",2,0.624201428034573,0.483128426019833
"301","1","3","female",0,0,"Q",0,"Miss",1,0.372180103561368,0.0151269925664983
"302","1","3","male",2,0,"Q",0,"Mr",3,0.372180103561368,0.0453809776994948
"303","0","3","male",0,0,"S",0,"Mr",1,0.235876237003633,0
"304","1","2","female",0,0,"Q",0,"Miss",1,0.372180103561368,0.0241055946059682
"305","0","3","male",0,0,"S",0,"Mr",1,0.372180103561368,0.0157125535690724
"306","1","1","male",1,2,"S",1,"Master",4,0.00939496429913566,0.295805899800363
"307","1","1","female",0,0,"C",0,"Miss",1,0.372180103561368,0.216429787722425
"308","1","1","female",1,0,"C",1,"Mrs",2,0.210822998872604,0.212558643934408
"309","0","2","male",1,0,"C",0,"Mr",2,0.373669046724289,0.0468448802059301
"310","1","1","female",0,0,"C",0,"Miss",1,0.373669046724289,0.111118398092476
"311","1","1","female",0,0,"C",0,"Miss",1,0.298509332331204,0.162314191734533
"312","1","1","female",2,2,"C",0,"Miss",5,0.223349617938118,0.512121893501288
"313","0","2","female",1,1,"S",0,"Mrs",3,0.323562570462232,0.0507486202230909
"314","0","3","male",0,0,"S",0,"Mr",1,0.348615808593261,0.0154115752137493
"315","0","2","male",1,1,"S",0,"Mr",3,0.536515094575974,0.051236587725236
"316","1","3","female",0,0,"S",0,"Miss",1,0.323562570462232,0.0153303774213923
"317","1","2","female",1,0,"S",0,"Mrs",2,0.298509332331204,0.0507486202230909
"318","0","2","male",0,0,"S",0,"Dr",1,0.67430790429663,0.0273261801201259
"319","1","1","female",0,2,"S",0,"Miss",3,0.386195665789803,0.321798367143626
"320","1","1","female",1,1,"C",0,"Mrs",3,0.498935237379431,0.262526516154067
"321","0","3","male",0,0,"S",0,"Mr",1,0.273456094200175,0.014151057562208
"322","0","3","male",0,0,"S",0,"Mr",1,0.336089189527746,0.0154115752137493
"323","1","2","female",0,0,"Q",0,"Miss",1,0.373669046724289,0.0241055946059682
"324","1","2","female",1,1,"S",0,"Mrs",3,0.273456094200175,0.0566042302488322
"325","0","3","male",8,2,"S",0,"Mr",11,0.372180103561368,0.135752559096768
"326","1","1","female",0,0,"C",0,"Miss",1,0.448828761117374,0.264738570434791
"327","0","3","male",0,0,"S",0,"Mr",1,0.76199423775523,0.0121747891785204
"328","1","2","female",0,0,"S",0,"Mrs",1,0.448828761117374,0.0253743101115455
"329","1","3","female",1,1,"S",0,"Mrs",3,0.386195665789803,0.0400621319261131
"330","1","1","female",0,1,"C",1,"Miss",2,0.19829637980709,0.113167861601486
"331","1","3","female",2,0,"Q",0,"Miss",3,0.372180103561368,0.0453809776994948
"332","0","1","male",0,0,"S",0,"Mr",1,0.567831642239759,0.055628295244542
"333","0","1","male",0,1,"S",0,"Mr",2,0.473881999248403,0.299538851191773
"334","0","3","male",2,0,"S",1,"Mr",3,0.19829637980709,0.0351336601544476
"335","1","1","female",1,0,"S",0,"Mrs",2,0.372180103561368,0.260867426646773
"336","0","3","male",0,0,"S",0,"Mr",1,0.372180103561368,0.0154115752137493
"337","0","1","male",1,0,"S",0,"Mr",2,0.361142427658775,0.129994542571456
"338","1","1","female",0,0,"C",0,"Miss",1,0.511461856444945,0.262526516154067
"339","1","3","male",0,0,"S",0,"Mr",1,0.561568332707002,0.0157125535690724
"340","0","1","male",0,0,"S",0,"Mr",1,0.561568332707002,0.0692913853046049
"341","1","2","male",1,1,"S",1,"Master",3,0.022923712889891,0.0507486202230909
"342","1","1","female",3,2,"S",0,"Miss",6,0.298509332331204,0.513341812256651
"343","0","2","male",0,0,"S",0,"Mr",1,0.348615808593261,0.0253743101115455
"344","0","2","male",0,0,"S",0,"Mr",1,0.311035951396718,0.0253743101115455
"345","0","2","male",0,0,"S",0,"Mr",1,0.448828761117374,0.0253743101115455
"346","1","2","female",0,0,"S",0,"Miss",1,0.298509332331204,0.0253743101115455
"347","1","2","female",0,0,"S",0,"Miss",1,0.498935237379431,0.0253743101115455
"348","1","3","female",1,0,"S",0,"Mrs",2,0.372180103561368,0.0314251071381448
"349","1","3","male",1,1,"S",1,"Master",3,0.0354503319554052,0.0310347331364287
"350","0","3","male",0,0,"S",0,"Mr",1,0.52398847551046,0.0169080739493279
"351","0","3","male",0,0,"S",0,"Mr",1,0.28598271326569,0.0180060008291544
"352","0","1","male",0,0,"S",0,"Mr",1,0.372180103561368,0.0683154503003147
"353","0","3","male",1,1,"C",1,"Mr",3,0.185769760741576,0.0141104586660296
"354","0","3","male",1,0,"S",0,"Mr",2,0.311035951396718,0.0347432861527315
"355","0","3","male",0,0,"C",0,"Mr",1,0.372180103561368,0.0141022608119935
"356","0","3","male",0,0,"S",0,"Mr",1,0.348615808593261,0.018542765081514
"357","1","1","female",0,1,"S",0,"Miss",2,0.273456094200175,0.107352850471923
"358","0","2","female",0,0,"S",0,"Miss",1,0.473881999248403,0.0253743101115455
"359","1","3","female",0,0,"Q",0,"Miss",1,0.372180103561368,0.0153791741716068
"360","1","3","female",0,0,"Q",0,"Miss",1,0.372180103561368,0.0153791741716068
"361","0","3","male",1,4,"S",0,"Mr",6,0.498935237379431,0.0544571732393937
"362","0","2","male",1,0,"C",0,"Mr",2,0.361142427658775,0.0541073981338561
"363","0","3","female",0,1,"C",0,"Mrs",2,0.561568332707002,0.0282127194780231
"364","0","3","male",0,0,"S",0,"Mr",1,0.43630214205186,0.013760683560492
"365","0","3","male",1,0,"Q",0,"Mr",2,0.372180103561368,0.0302539851329965
"366","0","3","male",0,0,"S",0,"Mr",1,0.373669046724289,0.014151057562208
"367","1","1","female",1,0,"C",0,"Mrs",2,0.749467618689716,0.146878218145677
"368","1","3","female",0,0,"C",0,"Mrs",1,0.372180103561368,0.0141104586660296
"369","1","3","female",0,0,"Q",0,"Miss",1,0.372180103561368,0.0151269925664983
"370","1","1","female",0,0,"C",0,"Mlle",1,0.298509332331204,0.135264591594623
"371","1","1","male",1,0,"C",0,"Mr",2,0.311035951396718,0.108214991454713
"372","0","3","male",1,0,"S",0,"Mr",2,0.223349617938118,0.0126789572017367
"373","0","3","male",0,0,"S",0,"Mr",1,0.235876237003633,0.0157125535690724
"374","0","1","male",0,0,"C",0,"Mr",1,0.273456094200175,0.264738570434791
"375","0","3","female",3,1,"S",1,"Miss",5,0.0354503319554052,0.0411356604308324
"376","1","1","female",1,0,"C",0,"Mrs",2,0.372180103561368,0.16038672010106
"377","1","3","female",0,0,"S",0,"Miss",1,0.273456094200175,0.014151057562208
"378","0","1","male",0,2,"C",0,"Mr",3,0.336089189527746,0.412820506814759
"379","0","3","male",0,0,"C",0,"Mr",1,0.248402856069147,0.00783187840942894
"380","0","3","male",0,0,"S",0,"Mr",1,0.235876237003633,0.0151757893167128
"381","1","1","female",0,0,"C",0,"Miss",1,0.52398847551046,0.44409922370226
"382","1","3","female",0,2,"C",1,"Miss",3,0.0103970938243768,0.0307257521140704
"383","0","3","male",0,0,"S",0,"Mr",1,0.398722284855318,0.0154685698179998
"384","1","1","female",1,0,"S",0,"Mrs",2,0.43630214205186,0.101497240446182
"385","0","3","male",0,0,"S",0,"Mr",1,0.372180103561368,0.0154115752137493
"386","0","2","male",0,0,"S",0,"Mr",1,0.223349617938118,0.143462445630661
"387","0","3","male",5,2,"S",1,"Master",8,0.0103970938243768,0.0915427034024217
"388","1","2","female",0,0,"S",0,"Miss",1,0.448828761117374,0.0253743101115455
"389","0","3","male",0,0,"Q",0,"Mr",1,0.372180103561368,0.0150863936703198
"390","1","2","female",0,0,"C",1,"Miss",1,0.210822998872604,0.023422440102965
"391","1","1","male",1,2,"S",0,"Mr",4,0.448828761117374,0.23422440102965
"392","1","3","male",0,0,"S",0,"Mr",1,0.260929475134661,0.0152163882128912
"393","0","3","male",2,0,"S",0,"Mr",3,0.348615808593261,0.0154685698179998
"394","1","1","female",1,0,"C",0,"Miss",2,0.28598271326569,0.221098075221947
"395","1","3","female",0,2,"S",0,"Mrs",3,0.298509332331204,0.032596229143293
"396","0","3","male",0,0,"S",0,"Mr",1,0.273456094200175,0.0152163882128912
"397","0","3","female",0,0,"S",0,"Miss",1,0.386195665789803,0.0153303774213923
"398","0","2","male",0,0,"S",0,"Mr",1,0.574094951772517,0.0507486202230909
"399","0","2","male",0,0,"S",0,"Dr",1,0.28598271326569,0.0204946350900944
"400","1","2","female",0,0,"S",0,"Mrs",1,0.348615808593261,0.0246911556085423
"401","1","3","male",0,0,"S",0,"Mr",1,0.486408618313917,0.0154685698179998
"402","0","3","male",0,0,"S",0,"Mr",1,0.323562570462232,0.0157125535690724
"403","0","3","female",1,0,"S",0,"Miss",2,0.260929475134661,0.0191771228343026
"404","0","3","male",1,0,"S",0,"Mr",2,0.348615808593261,0.0309371396359997
"405","0","3","female",0,0,"S",0,"Miss",1,0.248402856069147,0.0169080739493279
"406","0","2","male",1,0,"S",0,"Mr",2,0.423775522986346,0.0409892701801888
"407","0","3","male",0,0,"S",0,"Mr",1,0.636728047100088,0.0151269925664983
"408","1","2","male",1,1,"S",1,"Master",3,0.0354503319554052,0.0365975626608829
"409","0","3","male",0,0,"S",0,"Mr",1,0.260929475134661,0.0151757893167128
"410","0","3","female",3,1,"S",0,"Miss",5,0.372180103561368,0.049707687947515
"411","0","3","male",0,0,"S",0,"Mr",1,0.372180103561368,0.0154115752137493
"412","0","3","male",0,0,"Q",0,"Mr",1,0.372180103561368,0.0133865100798471
"413","1","1","female",1,0,"Q",0,"Miss",2,0.411248903920832,0.175668300772238
"414","0","2","male",0,0,"S",0,"Mr",1,0.372180103561368,0
"415","1","3","male",0,0,"S",0,"Mr",1,0.549041713641488,0.0154685698179998
"416","0","3","female",0,0,"S",0,"Mrs",1,0.372180103561368,0.0157125535690724
"417","1","2","female",1,1,"S",0,"Mrs",3,0.423775522986346,0.0634357752788637
"418","1","2","female",0,2,"S",0,"Miss",3,0.223349617938118,0.0253743101115455
"419","0","2","male",0,0,"S",0,"Mr",1,0.373669046724289,0.0253743101115455
"420","0","3","female",0,2,"S",1,"Miss",3,0.123136665414005,0.0471376607072172
"421","0","3","male",0,0,"C",0,"Mr",1,0.372180103561368,0.0154115752137493
"422","0","3","male",0,0,"Q",0,"Mr",1,0.260929475134661,0.015094396337355
"423","0","3","male",0,0,"S",0,"Mr",1,0.361142427658775,0.0153709763175708
"424","0","3","female",1,1,"S",0,"Mrs",3,0.348615808593261,0.0281069281235581
"425","0","3","male",1,1,"S",0,"Mr",3,0.223349617938118,0.0394521725484317
"426","0","3","male",0,0,"S",0,"Mr",1,0.372180103561368,0.014151057562208
"427","1","2","female",1,0,"S",0,"Mrs",2,0.348615808593261,0.0507486202230909
"428","1","2","female",0,0,"S",0,"Miss",1,0.235876237003633,0.0507486202230909
"429","0","3","male",0,0,"Q",0,"Mr",1,0.372180103561368,0.0151269925664983
"430","1","3","male",0,0,"S",0,"Mr",1,0.398722284855318,0.0157125535690724
"431","1","1","male",0,0,"S",0,"Mr",1,0.348615808593261,0.0518221487278102
"432","1","3","female",1,0,"S",0,"Mrs",2,0.372180103561368,0.0314251071381448
"433","1","2","female",1,0,"S",0,"Mrs",2,0.52398847551046,0.0507486202230909
"434","0","3","male",0,0,"S",1,"Mr",1,0.210822998872604,0.0139070738111355
"435","0","1","male",1,0,"S",0,"Mr",2,0.624201428034573,0.109109533479645
"436","1","1","female",1,2,"S",1,"Miss",4,0.173243141676062,0.23422440102965
"437","0","3","female",2,2,"S",0,"Miss",5,0.260929475134661,0.067095531544952
"438","1","2","female",2,3,"S",0,"Mrs",6,0.298509332331204,0.0365975626608829
"439","0","1","male",1,4,"S",0,"Mr",6,0.799574094951773,0.513341812256651
"440","0","2","male",0,0,"S",0,"Mr",1,0.386195665789803,0.0204946350900944
"441","1","2","female",1,1,"S",0,"Mrs",3,0.561568332707002,0.051236587725236
"442","0","3","male",0,0,"S",0,"Mr",1,0.248402856069147,0.018542765081514
"443","0","3","male",1,0,"S",0,"Mr",2,0.311035951396718,0.0151757893167128
"444","1","2","female",0,0,"S",0,"Ms",1,0.348615808593261,0.0253743101115455
"445","1","3","male",0,0,"S",0,"Mr",1,0.372180103561368,0.0158345454446087
"446","1","1","male",0,2,"S",1,"Master",3,0.0479769510209195,0.159776760723379
"447","1","2","female",0,1,"S",1,"Miss",2,0.160716522610547,0.0380614651673182
"448","1","1","male",0,0,"S",0,"Mr",1,0.423775522986346,0.0518221487278102
"449","1","3","female",2,1,"C",1,"Miss",4,0.0605035700864337,0.0375896981862443
"450","1","1","male",0,0,"S",0,"Sir",1,0.649254666165602,0.0595320352617028
"451","0","2","male",1,2,"S",0,"Mr",4,0.448828761117374,0.0541643927381067
"452","0","3","male",1,0,"S",0,"Mr",2,0.372180103561368,0.0389724029003227
"453","0","1","male",0,0,"C",0,"Mr",1,0.373669046724289,0.0541643927381067
"454","1","1","male",1,0,"C",0,"Mr",2,0.611674808969059,0.173919815618552
"455","0","3","male",0,0,"S",0,"Mr",1,0.372180103561368,0.0157125535690724
"456","1","3","male",0,0,"C",0,"Mr",1,0.361142427658775,0.0154115752137493
"457","0","1","male",0,0,"S",0,"Mr",1,0.812100714017287,0.0518221487278102
"458","1","1","female",1,0,"S",0,"Mrs",2,0.372180103561368,0.101228858320002
"459","1","2","female",0,0,"S",0,"Miss",1,0.624201428034573,0.0204946350900944
"460","0","3","male",0,0,"Q",0,"Mr",1,0.372180103561368,0.0151269925664983
"461","1","1","male",0,0,"S",0,"Mr",1,0.599148189903545,0.0518221487278102
"462","0","3","male",0,0,"S",0,"Mr",1,0.423775522986346,0.0157125535690724
"463","0","1","male",0,0,"S",0,"Mr",1,0.586621570838031,0.0751469953303462
"464","0","2","male",0,0,"S",0,"Mr",1,0.599148189903545,0.0253743101115455
"465","0","3","male",0,0,"S",0,"Mr",1,0.372180103561368,0.0157125535690724
"466","0","3","male",0,0,"S",0,"Mr",1,0.473881999248403,0.013760683560492
"467","0","2","male",0,0,"S",0,"Mr",1,0.372180103561368,0
"468","0","1","male",0,0,"S",0,"Mr",1,0.699361142427659,0.0518221487278102
"469","0","3","male",0,0,"Q",0,"Mr",1,0.372180103561368,0.0150781958162837
"470","1","3","female",2,1,"C",1,"Miss",4,0.00726543905799825,0.0375896981862443
"471","0","3","male",0,0,"S",0,"Mr",1,0.372180103561368,0.014151057562208
"472","0","3","male",0,0,"S",0,"Mr",1,0.473881999248403,0.0169080739493279
"473","1","2","female",1,2,"S",0,"Mrs",4,0.411248903920832,0.0541643927381067
"474","1","2","female",0,0,"C",0,"Mrs",1,0.28598271326569,0.0269196055973386
"475","0","3","female",0,0,"S",0,"Miss",1,0.273456094200175,0.0192015212094099
"476","0","1","male",0,0,"S",0,"Mr",1,0.372180103561368,0.101497240446182
"477","0","2","male",1,0,"S",0,"Mr",2,0.423775522986346,0.0409892701801888
"478","0","3","male",1,0,"S",0,"Mr",2,0.361142427658775,0.0137524857064559
"479","0","3","male",0,0,"S",0,"Mr",1,0.273456094200175,0.0146796239605316
"480","1","3","female",0,1,"S",1,"Miss",2,0.022923712889891,0.0239836027304319
"481","0","3","male",5,2,"S",1,"Master",8,0.110610046348491,0.0915427034024217
"482","0","2","male",0,0,"S",0,"Mr",1,0.372180103561368,0
"483","0","3","male",0,0,"S",0,"Mr",1,0.624201428034573,0.0157125535690724
"484","1","3","female",0,0,"S",0,"Mrs",1,0.787047475886258,0.0187135537072648
"485","1","1","male",1,0,"C",0,"Mr",2,0.311035951396718,0.177774758885498
"486","0","3","female",3,1,"S",0,"Miss",5,0.372180103561368,0.049707687947515
"487","1","1","female",1,0,"S",0,"Mrs",2,0.43630214205186,0.175668300772238
"488","0","1","male",0,0,"C",0,"Mr",1,0.724414380558687,0.0579705392548385
"489","0","3","male",0,0,"S",0,"Mr",1,0.373669046724289,0.0157125535690724
"490","1","3","male",1,1,"S",1,"Master",3,0.110610046348491,0.0310347331364287
"491","0","3","male",1,0,"S",0,"Mr",2,0.372180103561368,0.0389724029003227
"492","0","3","male",0,0,"S",0,"Mr",1,0.260929475134661,0.014151057562208
"493","0","1","male",0,0,"S",0,"Mr",1,0.686834523362145,0.0595320352617028
"494","0","1","male",0,0,"C",0,"Mr",1,0.887260428410372,0.0966257632787668
"495","0","3","male",0,0,"S",0,"Mr",1,0.260929475134661,0.0157125535690724
"496","0","3","male",0,0,"C",0,"Mr",1,0.372180103561368,0.0282207221450583
"497","1","1","female",1,0,"C",0,"Miss",2,0.67430790429663,0.152766424400561
"498","0","3","male",0,0,"S",0,"Mr",1,0.372180103561368,0.0294732371295643
"499","0","1","female",1,2,"S",0,"Mrs",4,0.311035951396718,0.295805899800363
"500","0","3","male",0,0,"S",0,"Mr",1,0.298509332331204,0.0152163882128912
"501","0","3","male",0,0,"S",1,"Mr",1,0.210822998872604,0.0169080739493279
"502","0","3","female",0,0,"Q",0,"Miss",1,0.260929475134661,0.0151269925664983
"503","0","3","female",0,0,"Q",0,"Miss",1,0.372180103561368,0.0148912066694617
"504","0","3","female",0,0,"S",0,"Miss",1,0.461355380182889,0.0187135537072648
"505","1","1","female",0,0,"S",1,"Miss",1,0.19829637980709,0.168836755742206
"506","0","1","male",1,0,"C",0,"Mr",2,0.223349617938118,0.212558643934408
"507","1","2","female",0,2,"S",0,"Mrs",3,0.411248903920832,0.0507486202230909
"508","1","1","male",0,0,"S",0,"Mr",1,0.372180103561368,0.0518221487278102
"509","0","3","male",0,0,"S",0,"Mr",1,0.348615808593261,0.043965871943274
"510","1","3","male",0,0,"S",0,"Mr",1,0.323562570462232,0.110272457630758
"511","1","3","male",0,0,"Q",0,"Mr",1,0.361142427658775,0.0151269925664983
"512","0","3","male",0,0,"S",0,"Mr",1,0.372180103561368,0.0157125535690724
"513","1","1","male",0,0,"S",0,"Mr",1,0.448828761117374,0.0513097828505578
"514","1","1","female",1,0,"C",0,"Mrs",2,0.67430790429663,0.115941078509677
"515","0","3","male",0,0,"S",0,"Mr",1,0.298509332331204,0.0146308272103171
"516","0","1","male",0,0,"S",0,"Mr",1,0.586621570838031,0.0664041791879128
"517","1","2","female",0,0,"S",0,"Mrs",1,0.423775522986346,0.0204946350900944
"518","0","3","male",0,0,"Q",0,"Mr",1,0.372180103561368,0.0471376607072172
"519","1","2","female",1,0,"S",0,"Mrs",2,0.448828761117374,0.0507486202230909
"520","0","3","male",0,0,"S",0,"Mr",1,0.398722284855318,0.0154115752137493
"521","1","1","female",0,0,"S",0,"Miss",1,0.373669046724289,0.182499845802269
"522","0","3","male",0,0,"S",0,"Mr",1,0.273456094200175,0.0154115752137493
"523","0","3","male",0,0,"C",0,"Mr",1,0.372180103561368,0.0141022608119935
"524","1","1","female",0,1,"C",0,"Mrs",2,0.549041713641488,0.113167861601486
"525","0","3","male",0,0,"C",0,"Mr",1,0.372180103561368,0.0141104586660296
"526","0","3","male",0,0,"Q",0,"Mr",1,0.505198546912188,0.0151269925664983
"527","1","2","female",0,0,"S",0,"Miss",1,0.624201428034573,0.0204946350900944
"528","0","1","male",0,0,"S",0,"Mr",1,0.372180103561368,0.432884169006959
"529","0","3","male",0,0,"S",0,"Mr",1,0.486408618313917,0.0154685698179998
"530","0","2","male",2,1,"S",0,"Mr",4,0.28598271326569,0.0224465050986748
"531","1","2","female",1,1,"S",1,"Miss",3,0.022923712889891,0.0507486202230909
"532","0","3","male",0,0,"C",0,"Mr",1,0.372180103561368,0.0141104586660296
"533","0","3","male",1,1,"C",1,"Mr",3,0.210822998872604,0.0141104586660296
"534","1","3","female",0,2,"C",0,"Mrs",3,0.372180103561368,0.0436404952128436
"535","0","3","female",0,0,"S",0,"Miss",1,0.373669046724289,0.0169080739493279
"536","1","2","female",0,2,"S",1,"Miss",3,0.0855568082174621,0.051236587725236
"537","0","1","male",0,0,"S",0,"Sir",1,0.561568332707002,0.0518221487278102
"538","1","1","female",0,0,"C",0,"Miss",1,0.373669046724289,0.207727765663171
"539","0","3","male",0,0,"S",0,"Mr",1,0.372180103561368,0.0283021151244161
"540","1","1","female",0,2,"C",0,"Miss",3,0.273456094200175,0.0966175654247308
"541","1","1","female",0,2,"S",0,"Miss",3,0.448828761117374,0.13858277060921
"542","0","3","female",4,2,"S",1,"Miss",7,0.110610046348491,0.0610447345183526
"543","0","3","female",4,2,"S",1,"Miss",7,0.135663284479519,0.0610447345183526
"544","1","2","male",1,0,"S",0,"Mr",2,0.398722284855318,0.0507486202230909
"545","0","1","male",1,0,"C",0,"Mr",2,0.624201428034573,0.207727765663171
"546","0","1","male",0,0,"S",0,"Mr",1,0.799574094951773,0.0507486202230909
"547","1","2","female",1,0,"S",0,"Mrs",2,0.235876237003633,0.0507486202230909
"548","1","2","male",0,0,"C",0,"Mr",1,0.372180103561368,0.0270577979939461
"549","0","3","male",1,1,"S",0,"Mr",3,0.411248903920832,0.0400621319261131
"550","1","2","male",1,1,"S",1,"Master",3,0.0980834272829763,0.0717312228153305
"551","1","1","male",0,2,"C",1,"Mr",3,0.210822998872604,0.216429787722425
"552","0","2","male",0,0,"S",0,"Mr",1,0.336089189527746,0.0507486202230909
"553","0","3","male",0,0,"Q",0,"Mr",1,0.372180103561368,0.0152815806711778
"554","1","3","male",0,0,"C",0,"Mr",1,0.273456094200175,0.0141022608119935
"555","1","3","female",0,0,"S",0,"Miss",1,0.273456094200175,0.0151757893167128
"556","0","1","male",0,0,"S",0,"Mr",1,0.774520856820744,0.0518221487278102
"557","1","1","female",1,0,"C",0,"Lady",2,0.599148189903545,0.0772940523397847
"558","0","1","male",0,0,"C",0,"Mr",1,0.372180103561368,0.44409922370226
"559","1","1","female",1,1,"S",0,"Mrs",3,0.486408618313917,0.155466446183431
"560","1","3","female",1,0,"S",0,"Mrs",2,0.448828761117374,0.0339625381492993
"561","0","3","male",0,0,"Q",0,"Mr",1,0.372180103561368,0.0151269925664983
"562","0","3","male",0,0,"S",0,"Mr",1,0.498935237379431,0.0154115752137493
"563","0","2","male",0,0,"S",0,"Mr",1,0.348615808593261,0.0263502451158357
"564","0","3","male",0,0,"S",0,"Mr",1,0.372180103561368,0.0157125535690724
"565","0","3","female",0,0,"S",0,"Miss",1,0.372180103561368,0.0157125535690724
"566","0","3","male",2,0,"S",0,"Mr",3,0.298509332331204,0.0471376607072172
"567","0","3","male",0,0,"S",0,"Mr",1,0.235876237003633,0.0154115752137493
"568","0","3","female",0,4,"S",0,"Mrs",5,0.361142427658775,0.0411356604308324
"569","0","3","male",0,0,"C",0,"Mr",1,0.372180103561368,0.0141104586660296
"570","1","3","male",0,0,"S",0,"Mr",1,0.398722284855318,0.0153303774213923
"571","1","2","male",0,0,"S",0,"Mr",1,0.774520856820744,0.0204946350900944
"572","1","1","female",2,0,"S",0,"Mrs",3,0.661781285231116,0.100480706545713
"573","1","1","male",0,0,"S",0,"Mr",1,0.448828761117374,0.0515049698514158
"574","1","3","female",0,0,"Q",0,"Miss",1,0.372180103561368,0.0151269925664983
"575","0","3","male",0,0,"S",1,"Mr",1,0.19829637980709,0.0157125535690724
"576","0","3","male",0,0,"S",0,"Mr",1,0.235876237003633,0.0283021151244161
"577","1","2","female",0,0,"S",0,"Miss",1,0.423775522986346,0.0253743101115455
"578","1","1","female",1,0,"S",0,"Mrs",2,0.486408618313917,0.109109533479645
"579","0","3","female",1,0,"C",0,"Mrs",2,0.372180103561368,0.0282207221450583
"580","1","3","male",0,0,"S",0,"Mr",1,0.398722284855318,0.0154685698179998
"581","1","2","female",1,1,"S",0,"Miss",3,0.311035951396718,0.0585561002574126
"582","1","1","female",1,1,"C",0,"Mrs",3,0.486408618313917,0.216429787722425
"583","0","2","male",0,0,"S",0,"Mr",1,0.67430790429663,0.0507486202230909
"584","0","1","male",0,0,"C",0,"Mr",1,0.448828761117374,0.0783187840942894
"585","0","3","male",0,0,"C",0,"Mr",1,0.372180103561368,0.0170056674497569
"586","1","1","female",0,2,"S",0,"Miss",3,0.223349617938118,0.155466446183431
"587","0","2","male",0,0,"S",0,"Mr",1,0.586621570838031,0.0292780501287063
"588","1","1","male",1,1,"C",0,"Mr",3,0.749467618689716,0.154588104679569
"589","0","3","male",0,0,"S",0,"Mr",1,0.273456094200175,0.0157125535690724
"590","0","3","male",0,0,"S",0,"Mr",1,0.372180103561368,0.0157125535690724
"591","0","3","male",0,0,"S",0,"Mr",1,0.43630214205186,0.0139070738111355
"592","1","1","female",1,0,"C",0,"Mrs",2,0.649254666165602,0.152766424400561
"593","0","3","male",0,0,"S",0,"Mr",1,0.586621570838031,0.014151057562208
"594","0","3","female",0,2,"Q",0,"Miss",3,0.372180103561368,0.0151269925664983
"595","0","2","male",1,0,"S",0,"Mr",2,0.461355380182889,0.0507486202230909
"596","0","3","male",1,1,"S",0,"Mr",3,0.448828761117374,0.0471376607072172
"597","1","2","female",0,0,"S",0,"Miss",1,0.372180103561368,0.0644117102831539
"598","0","3","male",0,0,"S",0,"Mr",1,0.611674808969059,0
"599","0","3","male",0,0,"C",0,"Mr",1,0.372180103561368,0.0141022608119935
"600","1","1","male",1,0,"C",0,"Sir",2,0.611674808969059,0.111118398092476
"601","1","2","female",2,1,"S",0,"Mrs",4,0.298509332331204,0.0527004902316714
"602","0","3","male",0,0,"S",0,"Mr",1,0.372180103561368,0.0154115752137493
"603","0","1","male",0,0,"S",0,"Mr",1,0.372180103561368,0.0827592883638098
"604","0","3","male",0,0,"S",0,"Mr",1,0.549041713641488,0.0157125535690724
"605","1","1","male",0,0,"C",0,"Mr",1,0.43630214205186,0.0518221487278102
"606","0","3","male",1,0,"S",0,"Mr",2,0.448828761117374,0.0303515786334255
"607","0","3","male",0,0,"S",0,"Mr",1,0.373669046724289,0.0154115752137493
"608","1","1","male",0,0,"S",0,"Mr",1,0.336089189527746,0.0595320352617028
"609","1","2","female",1,2,"C",0,"Mrs",4,0.273456094200175,0.081157193460767
"610","1","1","female",0,0,"S",0,"Miss",1,0.498935237379431,0.299538851191773
"611","0","3","female",1,5,"S",0,"Mrs",7,0.486408618313917,0.0610447345183526
"612","0","3","male",0,0,"S",0,"Mr",1,0.372180103561368,0.013760683560492
"613","1","3","female",1,0,"Q",0,"Miss",2,0.372180103561368,0.0302539851329965
"614","0","3","male",0,0,"Q",0,"Mr",1,0.372180103561368,0.0151269925664983
"615","0","3","male",0,0,"S",0,"Mr",1,0.43630214205186,0.0157125535690724
"616","1","2","female",1,2,"S",0,"Miss",4,0.298509332331204,0.126871550557727
"617","0","3","male",1,1,"S",0,"Mr",3,0.423775522986346,0.0281069281235581
"618","0","3","female",1,0,"S",0,"Mrs",2,0.323562570462232,0.0314251071381448
"619","1","2","female",2,1,"S",1,"Miss",4,0.0479769510209195,0.0761229303346364
"620","0","2","male",0,0,"S",0,"Mr",1,0.323562570462232,0.0204946350900944
"621","0","3","male",1,0,"C",0,"Mr",2,0.336089189527746,0.0282127194780231
"622","1","1","male",1,0,"S",0,"Mr",2,0.52398847551046,0.102578966804937
"623","1","3","male",1,1,"C",0,"Mr",3,0.248402856069147,0.0307257521140704
"624","0","3","male",0,0,"S",0,"Mr",1,0.260929475134661,0.0153303774213923
"625","0","3","male",0,0,"S",0,"Mr",1,0.260929475134661,0.0314251071381448
"626","0","1","male",0,0,"S",0,"Mr",1,0.76199423775523,0.0630860001733261
"627","0","2","male",0,0,"Q",0,"Rev",1,0.711887761493173,0.0241055946059682
"628","1","1","female",0,0,"S",0,"Miss",1,0.260929475134661,0.152164467689915
"629","0","3","male",0,0,"S",0,"Mr",1,0.323562570462232,0.0154115752137493
"630","0","3","male",0,0,"Q",0,"Mr",1,0.372180103561368,0.015094396337355
"631","1","1","male",0,0,"S",0,"Mr",1,1,0.0585561002574126
"632","0","3","male",0,0,"S",0,"Mr",1,0.636728047100088,0.013768881414528
"633","1","1","male",0,0,"C",0,"Dr",1,0.398722284855318,0.0595320352617028
"634","0","1","male",0,0,"S",0,"Mr",1,0.372180103561368,0
"635","0","3","female",3,2,"S",1,"Miss",6,0.110610046348491,0.0544571732393937
"636","1","2","female",0,0,"S",0,"Miss",1,0.348615808593261,0.0253743101115455
"637","0","3","male",0,0,"S",0,"Mr",1,0.398722284855318,0.0154685698179998
"638","0","2","male",1,1,"S",0,"Mr",3,0.386195665789803,0.051236587725236
"639","0","3","female",0,5,"S",0,"Mrs",6,0.511461856444945,0.0774648409655354
"640","0","3","male",1,0,"S",0,"Mr",2,0.372180103561368,0.0314251071381448
"641","0","3","male",0,0,"S",0,"Mr",1,0.248402856069147,0.0153303774213923
"642","1","1","female",0,0,"C",0,"Mlle",1,0.298509332331204,0.135264591594623
"643","0","3","female",3,2,"S",1,"Miss",6,0.022923712889891,0.0544571732393937
"644","1","3","male",0,0,"S",0,"Mr",1,0.372180103561368,0.110272457630758
"645","1","3","female",2,1,"C",1,"Miss",4,0.00726543905799825,0.0375896981862443
"646","1","1","male",1,0,"C",0,"Mr",2,0.599148189903545,0.149765424262369
"647","0","3","male",0,0,"S",0,"Mr",1,0.235876237003633,0.0154115752137493
"648","1","1","male",0,0,"C",0,"Col",1,0.699361142427659,0.0692913853046049
"649","0","3","male",0,0,"S",0,"Mr",1,0.372180103561368,0.0147366185647822
"650","1","3","female",0,0,"S",0,"Miss",1,0.28598271326569,0.0147366185647822
"651","0","3","male",0,0,"S",0,"Mr",1,0.372180103561368,0.0154115752137493
"652","1","2","female",0,1,"S",0,"Miss",2,0.223349617938118,0.0448930101973497
"653","0","3","male",0,0,"S",0,"Mr",1,0.260929475134661,0.0164607053433613
"654","1","3","female",0,0,"Q",0,"Miss",1,0.372180103561368,0.0152815806711778
"655","0","3","female",0,0,"Q",0,"Miss",1,0.223349617938118,0.0131751225579178
"656","0","2","male",2,0,"S",0,"Mr",3,0.298509332331204,0.143462445630661
"657","0","3","male",0,0,"S",0,"Mr",1,0.372180103561368,0.0154115752137493
"658","0","3","female",1,1,"Q",0,"Mrs",3,0.398722284855318,0.0302539851329965
"659","0","2","male",0,0,"S",0,"Mr",1,0.28598271326569,0.0253743101115455
"660","0","1","male",0,2,"C",0,"Mr",3,0.724414380558687,0.221098075221947
"661","1","1","male",2,0,"S",0,"Dr",3,0.624201428034573,0.260867426646773
"662","0","3","male",0,0,"C",0,"Mr",1,0.498935237379431,0.0141022608119935
"663","0","1","male",0,0,"S",0,"Mr",1,0.586621570838031,0.0499434738445515
"664","0","3","male",0,0,"S",0,"Mr",1,0.448828761117374,0.0146308272103171
"665","1","3","male",1,0,"S",0,"Mr",2,0.248402856069147,0.0154685698179998
"666","0","2","male",2,0,"S",0,"Mr",3,0.398722284855318,0.143462445630661
"667","0","2","male",0,0,"S",0,"Mr",1,0.311035951396718,0.0253743101115455
"668","0","3","male",0,0,"S",0,"Mr",1,0.372180103561368,0.0151757893167128
"669","0","3","male",0,0,"S",0,"Mr",1,0.536515094575974,0.0157125535690724
"670","1","1","female",1,0,"S",0,"Mrs",2,0.372180103561368,0.101497240446182
"671","1","2","female",1,1,"S",0,"Mrs",3,0.498935237379431,0.0761229303346364
"672","0","1","male",1,0,"S",0,"Mr",2,0.386195665789803,0.101497240446182
"673","0","2","male",0,0,"S",0,"Mr",1,0.874733809344858,0.0204946350900944
"674","1","2","male",0,0,"S",0,"Mr",1,0.386195665789803,0.0253743101115455
"675","0","2","male",0,0,"S",0,"Mr",1,0.372180103561368,0
"676","0","3","male",0,0,"S",0,"Mr",1,0.223349617938118,0.0151757893167128
"677","0","3","male",0,0,"S",0,"Mr",1,0.304772641863961,0.0157125535690724
"678","1","3","female",0,0,"S",0,"Miss",1,0.223349617938118,0.0192097190634459
"679","0","3","female",1,6,"S",0,"Mrs",8,0.536515094575974,0.0915427034024217
"680","1","1","male",0,1,"C",0,"Mr",2,0.448828761117374,1
"681","0","3","female",0,0,"Q",0,"Miss",1,0.372180103561368,0.0158833421948232
"682","1","1","male",0,0,"C",0,"Mr",1,0.336089189527746,0.149765424262369
"683","0","3","male",0,0,"S",0,"Mr",1,0.248402856069147,0.0180060008291544
"684","0","3","male",5,2,"S",1,"Mr",8,0.173243141676062,0.0915427034024217
"685","0","2","male",1,1,"S",0,"Mr",3,0.749467618689716,0.0761229303346364
"686","0","2","male",1,2,"C",0,"Mr",4,0.311035951396718,0.081157193460767
"687","0","3","male",4,1,"S",1,"Mr",6,0.173243141676062,0.0774648409655354
"688","0","3","male",0,0,"S",0,"Mr",1,0.235876237003633,0.0198520794832697
"689","0","3","male",0,0,"S",0,"Mr",1,0.223349617938118,0.0152163882128912
"690","1","1","female",0,1,"S",1,"Miss",2,0.185769760741576,0.412503327938365
"691","1","1","male",1,0,"S",0,"Mr",2,0.386195665789803,0.111256590489084
"692","1","3","female",0,1,"C",1,"Miss",2,0.0479769510209195,0.0261876543441209
"693","1","3","male",0,0,"S",0,"Mr",1,0.372180103561368,0.110272457630758
"694","0","3","male",0,0,"C",0,"Mr",1,0.311035951396718,0.0141022608119935
"695","0","1","male",0,0,"S",0,"Col",1,0.749467618689716,0.0518221487278102
"696","0","2","male",0,0,"S",0,"Mr",1,0.649254666165602,0.0263502451158357
"697","0","3","male",0,0,"S",0,"Mr",1,0.549041713641488,0.0157125535690724
"698","1","3","female",0,0,"Q",0,"Miss",1,0.372180103561368,0.015094396337355
"699","0","1","male",1,1,"C",0,"Mr",3,0.611674808969059,0.216429787722425
"700","0","3","male",0,0,"S",0,"Mr",1,0.52398847551046,0.0149318055656402
"701","1","1","female",1,0,"C",0,"Mrs",2,0.223349617938118,0.44409922370226
"702","1","1","male",0,0,"S",0,"Mr",1,0.43630214205186,0.0513097828505578
"703","0","3","female",0,1,"C",0,"Miss",2,0.223349617938118,0.0282127194780231
"704","0","3","male",0,0,"Q",0,"Mr",1,0.311035951396718,0.015110792045427
"705","0","3","male",1,0,"S",0,"Mr",2,0.323562570462232,0.0153303774213923
"706","0","2","male",0,0,"S",0,"Mr",1,0.486408618313917,0.0507486202230909
"707","1","2","female",0,0,"S",0,"Mrs",1,0.561568332707002,0.0263502451158357
"708","1","1","male",0,0,"S",0,"Mr",1,0.52398847551046,0.0513097828505578
"709","1","1","female",0,0,"S",0,"Miss",1,0.273456094200175,0.295805899800363
"710","1","3","male",1,1,"C",0,"Master",3,0.372180103561368,0.0297578197768154
"711","1","1","female",0,0,"C",0,"Mlle",1,0.298509332331204,0.0966257632787668
"712","0","1","male",0,0,"S",0,"Mr",1,0.372180103561368,0.0518221487278102
"713","1","1","male",1,0,"S",0,"Mr",2,0.599148189903545,0.101497240446182
"714","0","3","male",0,0,"S",0,"Mr",1,0.361142427658775,0.0185101688523707
"715","0","2","male",0,0,"S",0,"Mr",1,0.649254666165602,0.0253743101115455
"716","0","3","male",0,0,"S",0,"Mr",1,0.235876237003633,0.0149318055656402
"717","1","1","female",0,0,"C",0,"Miss",1,0.473881999248403,0.44409922370226
"718","1","2","female",0,0,"S",0,"Miss",1,0.336089189527746,0.0204946350900944
"719","0","3","male",0,0,"Q",0,"Mr",1,0.372180103561368,0.0302539851329965
"720","0","3","male",0,0,"S",0,"Mr",1,0.411248903920832,0.0151757893167128
"721","1","2","female",0,1,"S",1,"Miss",2,0.0730301891519479,0.0644117102831539
"722","0","3","male",1,0,"S",1,"Mr",2,0.210822998872604,0.013768881414528
"723","0","2","male",0,0,"S",0,"Mr",1,0.423775522986346,0.0253743101115455
"724","0","2","male",0,0,"S",0,"Mr",1,0.624201428034573,0.0253743101115455
"725","1","1","male",1,0,"S",0,"Mr",2,0.336089189527746,0.10364429745562
"726","0","3","male",0,0,"S",0,"Mr",1,0.248402856069147,0.0169080739493279
"727","1","2","female",3,0,"S",0,"Mrs",4,0.373669046724289,0.0409892701801888
"728","1","3","female",0,0,"Q",0,"Miss",1,0.372180103561368,0.015102594191391
"729","0","2","male",1,0,"S",0,"Mr",2,0.311035951396718,0.0507486202230909
"730","0","3","female",1,0,"S",0,"Miss",2,0.311035951396718,0.0154685698179998
"731","1","1","female",0,0,"S",0,"Miss",1,0.361142427658775,0.412503327938365
"732","0","3","male",0,0,"C",1,"Mr",1,0.135663284479519,0.0366707577862047
"733","0","2","male",0,0,"S",0,"Mr",1,0.372180103561368,0
"734","0","2","male",0,0,"S",0,"Mr",1,0.28598271326569,0.0253743101115455
"735","0","2","male",0,0,"S",0,"Mr",1,0.28598271326569,0.0253743101115455
"736","0","3","male",0,0,"S",0,"Mr",1,0.354879118126018,0.0314251071381448
"737","0","3","female",1,3,"S",0,"Mrs",5,0.599148189903545,0.067095531544952
"738","1","1","male",0,0,"C",0,"Mr",1,0.43630214205186,1
"739","0","3","male",0,0,"S",0,"Mr",1,0.372180103561368,0.0154115752137493
"740","0","3","male",0,0,"S",0,"Mr",1,0.372180103561368,0.0154115752137493
"741","1","1","male",0,0,"S",0,"Mr",1,0.372180103561368,0.0585561002574126
"742","0","1","male",1,0,"S",0,"Mr",2,0.448828761117374,0.153904950176566
"743","1","1","female",2,2,"C",0,"Miss",5,0.260929475134661,0.512121893501288
"744","0","3","male",1,0,"S",0,"Mr",2,0.298509332331204,0.0314251071381448
"745","1","3","male",0,0,"S",0,"Mr",1,0.386195665789803,0.0154685698179998
"746","0","1","male",1,1,"S",0,"Sir",3,0.874733809344858,0.13858277060921
"747","0","3","male",1,1,"S",1,"Mr",3,0.19829637980709,0.0395253676737535
"748","1","2","female",0,0,"S",0,"Miss",1,0.373669046724289,0.0253743101115455
"749","0","1","male",1,0,"S",0,"Mr",2,0.235876237003633,0.10364429745562
"750","0","3","male",0,0,"Q",0,"Mr",1,0.386195665789803,0.0151269925664983
"751","1","2","female",1,1,"S",1,"Miss",3,0.0479769510209195,0.0448930101973497
"752","1","3","male",0,1,"S",1,"Master",2,0.0730301891519479,0.0243495783570407
"753","0","3","male",0,0,"S",0,"Mr",1,0.411248903920832,0.018542765081514
"754","0","3","male",0,0,"S",0,"Mr",1,0.28598271326569,0.0154115752137493
"755","1","2","female",1,2,"S",0,"Mrs",4,0.599148189903545,0.126871550557727
"756","1","2","male",1,1,"S",1,"Master",3,0.00626330953275711,0.0283021151244161
"757","0","3","male",0,0,"S",0,"Mr",1,0.348615808593261,0.0152163882128912
"758","0","2","male",0,0,"S",0,"Mr",1,0.223349617938118,0.0224465050986748
"759","0","3","male",0,0,"S",0,"Mr",1,0.423775522986346,0.0157125535690724
"760","1","1","female",0,0,"S",0,"Lady",1,0.411248903920832,0.168836755742206
"761","0","3","male",0,0,"S",0,"Mr",1,0.372180103561368,0.0283021151244161
"762","0","3","male",0,0,"S",0,"Mr",1,0.511461856444945,0.0139070738111355
"763","1","3","male",0,0,"C",0,"Mr",1,0.248402856069147,0.0141104586660296
"764","1","1","female",1,2,"S",0,"Mrs",4,0.448828761117374,0.23422440102965
"765","0","3","male",0,0,"S",1,"Mr",1,0.19829637980709,0.0151757893167128
"766","1","1","female",1,0,"S",0,"Mrs",2,0.636728047100088,0.152164467689915
"767","0","1","male",0,0,"C",0,"Dr",1,0.372180103561368,0.0772940523397847
"768","0","3","female",0,0,"Q",0,"Miss",1,0.379932356257046,0.0151269925664983
"769","0","3","male",1,0,"Q",0,"Mr",2,0.372180103561368,0.0471376607072172
"770","0","3","male",0,0,"S",0,"Mr",1,0.398722284855318,0.0163225129467538
"771","0","3","male",0,0,"S",0,"Mr",1,0.298509332331204,0.018542765081514
"772","0","3","male",0,0,"S",0,"Mr",1,0.599148189903545,0.0153303774213923
"773","0","2","female",0,0,"S",0,"Mrs",1,0.711887761493173,0.0204946350900944
"774","0","3","male",0,0,"C",0,"Mr",1,0.372180103561368,0.0141022608119935
"775","1","2","female",1,3,"S",0,"Mrs",5,0.67430790429663,0.0448930101973497
"776","0","3","male",0,0,"S",0,"Mr",1,0.223349617938118,0.0151269925664983
"777","0","3","male",0,0,"Q",0,"Mr",1,0.372180103561368,0.0151269925664983
"778","1","3","female",0,0,"S",1,"Miss",1,0.0605035700864337,0.0243495783570407
"779","0","3","male",0,0,"Q",0,"Mr",1,0.372180103561368,0.015102594191391
"780","1","1","female",0,1,"S",0,"Mrs",2,0.536515094575974,0.412503327938365
"781","1","3","female",0,0,"C",1,"Miss",1,0.160716522610547,0.0141104586660296
"782","1","1","female",1,0,"S",1,"Mrs",2,0.210822998872604,0.111256590489084
"783","0","1","male",0,0,"S",0,"Mr",1,0.361142427658775,0.0585561002574126
"784","0","3","male",1,2,"S",0,"Mr",4,0.372180103561368,0.0457713517012109
"785","0","3","male",0,0,"S",0,"Mr",1,0.311035951396718,0.013760683560492
"786","0","3","male",0,0,"S",0,"Mr",1,0.311035951396718,0.014151057562208
"787","1","3","female",0,0,"S",0,"Miss",1,0.223349617938118,0.0146308272103171
"788","0","3","male",4,1,"Q",1,"Master",6,0.0980834272829763,0.0568482139999047
"789","1","3","male",1,2,"S",1,"Master",4,0.0103970938243768,0.0401597254265421
"790","0","1","male",0,0,"C",0,"Mr",1,0.574094951772517,0.154588104679569
"791","0","3","male",0,0,"Q",0,"Mr",1,0.372180103561368,0.0151269925664983
"792","0","2","male",0,0,"S",1,"Mr",1,0.19829637980709,0.0507486202230909
"793","0","3","female",8,2,"S",0,"Miss",11,0.372180103561368,0.135752559096768
"794","0","1","male",0,0,"C",0,"Mr",1,0.372180103561368,0.0599142114093829
"795","0","3","male",0,0,"S",0,"Mr",1,0.311035951396718,0.0154115752137493
"796","0","2","male",0,0,"S",0,"Mr",1,0.486408618313917,0.0253743101115455
"797","1","1","female",0,0,"S",0,"Dr",1,0.611674808969059,0.0506104278264834
"798","1","3","female",0,0,"S",0,"Mrs",1,0.386195665789803,0.0169486728455064
"799","0","3","male",0,0,"C",0,"Mr",1,0.373669046724289,0.0141104586660296
"800","0","3","female",1,1,"S",0,"Mrs",3,0.373669046724289,0.0471376607072172
"801","0","2","male",0,0,"S",0,"Mr",1,0.423775522986346,0.0253743101115455
"802","1","2","female",1,1,"S",0,"Mrs",3,0.386195665789803,0.051236587725236
"803","1","1","male",1,2,"S",1,"Master",4,0.135663284479519,0.23422440102965
"804","1","3","male",0,1,"C",1,"Master",2,0.00313165476637855,0.0166234913020769
"805","1","3","male",0,0,"S",0,"Mr",1,0.336089189527746,0.0136142933098484
"806","0","3","male",0,0,"S",0,"Mr",1,0.386195665789803,0.0151757893167128
"807","0","1","male",0,0,"S",0,"Mr",1,0.486408618313917,0
"808","0","3","female",0,0,"S",0,"Miss",1,0.223349617938118,0.0151757893167128
"809","0","2","male",0,0,"S",0,"Mr",1,0.486408618313917,0.0253743101115455
"810","1","1","female",1,0,"S",0,"Mrs",2,0.411248903920832,0.10364429745562
"811","0","3","male",0,0,"S",0,"Mr",1,0.323562570462232,0.0153953746926781
"812","0","3","male",0,0,"S",0,"Mr",1,0.486408618313917,0.0471376607072172
"813","0","2","male",0,0,"S",0,"Mr",1,0.43630214205186,0.0204946350900944
"814","0","3","female",4,2,"S",1,"Miss",7,0.0730301891519479,0.0610447345183526
"815","0","3","male",0,0,"S",0,"Mr",1,0.379932356257046,0.0157125535690724
"816","0","1","male",0,0,"S",0,"Mr",1,0.372180103561368,0
"817","0","3","female",0,0,"S",0,"Miss",1,0.28598271326569,0.0154685698179998
"818","0","2","male",1,1,"C",0,"Mr",3,0.386195665789803,0.0722273881715116
"819","0","3","male",0,0,"S",0,"Mr",1,0.536515094575974,0.0125895615553437
"820","0","3","male",3,2,"S",1,"Master",6,0.123136665414005,0.0544571732393937
"821","1","1","female",1,1,"S",0,"Mrs",3,0.649254666165602,0.182499845802269
"822","1","3","male",0,0,"S",0,"Mr",1,0.336089189527746,0.0169080739493279
"823","0","1","male",0,0,"S",0,"Lady",1,0.473881999248403,0
"824","1","3","female",0,1,"S",0,"Mrs",2,0.336089189527746,0.0243495783570407
"825","0","3","male",4,1,"S",1,"Master",6,0.022923712889891,0.0774648409655354
"826","0","3","male",0,0,"Q",0,"Mr",1,0.372180103561368,0.0135654965596339
"827","0","3","male",0,0,"S",0,"Mr",1,0.372180103561368,0.110272457630758
"828","1","2","male",0,2,"C",1,"Master",3,0.0103970938243768,0.0722273881715116
"829","1","3","male",0,0,"Q",0,"Mr",1,0.372180103561368,0.0151269925664983
"830","1","1","female",0,0,"S",0,"Mrs",1,0.774520856820744,0.156149600686434
"831","1","3","female",1,0,"C",1,"Mrs",2,0.185769760741576,0.0282127194780231
"832","1","2","male",1,1,"S",1,"Master",3,0.00826756858323938,0.0365975626608829
"833","0","3","male",0,0,"C",0,"Mr",1,0.372180103561368,0.0141104586660296
"834","0","3","male",0,0,"S",0,"Mr",1,0.28598271326569,0.0153303774213923
"835","0","3","male",0,0,"S",0,"Mr",1,0.223349617938118,0.0162005210712175
"836","1","1","female",1,1,"C",0,"Miss",3,0.486408618313917,0.162314191734533
"837","0","3","male",0,0,"S",0,"Mr",1,0.260929475134661,0.0169080739493279
"838","0","3","male",0,0,"S",0,"Mr",1,0.372180103561368,0.0157125535690724
"839","1","3","male",0,0,"S",0,"Mr",1,0.398722284855318,0.110272457630758
"840","1","1","male",0,0,"C",0,"Mr",1,0.372180103561368,0.0579705392548385
"841","0","3","male",0,0,"S",0,"Mr",1,0.248402856069147,0.0154685698179998
"842","0","2","male",0,0,"S",1,"Mr",1,0.19829637980709,0.0204946350900944
"843","1","1","female",0,0,"C",0,"Miss",1,0.373669046724289,0.060507970265993
"844","0","3","male",0,0,"C",0,"Mr",1,0.430038832519103,0.0125651631802365
"845","0","3","male",0,0,"S",1,"Mr",1,0.210822998872604,0.0169080739493279
"846","0","3","male",0,0,"S",0,"Mr",1,0.52398847551046,0.0147366185647822
"847","0","3","male",8,2,"S",0,"Mr",11,0.372180103561368,0.135752559096768
"848","0","3","male",0,0,"C",0,"Mr",1,0.43630214205186,0.0154115752137493
"849","0","2","male",0,1,"S",0,"Rev",2,0.348615808593261,0.0644117102831539
"850","1","1","female",1,0,"C",0,"Mrs",2,0.372180103561368,0.173919815618552
"851","0","3","male",4,2,"S",1,"Master",7,0.0479769510209195,0.0610447345183526
"852","0","3","male",0,0,"S",0,"Mr",1,0.924840285606915,0.0151757893167128
"853","0","3","female",1,1,"C",1,"Miss",3,0.110610046348491,0.0297578197768154
"854","1","1","female",0,1,"S",1,"Miss",2,0.19829637980709,0.0769036783380686
"855","0","2","female",1,0,"S",0,"Mrs",2,0.549041713641488,0.0507486202230909
"856","1","3","female",0,1,"S",0,"Mrs",2,0.223349617938118,0.0182499845802269
"857","1","1","female",1,1,"S",0,"Mrs",3,0.561568332707002,0.321798367143626
"858","1","1","male",0,0,"S",0,"Mr",1,0.636728047100088,0.0518221487278102
"859","1","3","female",0,3,"C",0,"Mrs",4,0.298509332331204,0.0375896981862443
"860","0","3","male",0,0,"C",0,"Mr",1,0.372180103561368,0.0141104586660296
"861","0","3","male",2,0,"S",0,"Mr",3,0.511461856444945,0.0275375676420551
"862","0","2","male",1,0,"S",0,"Mr",2,0.260929475134661,0.0224465050986748
"863","1","1","female",0,0,"S",0,"Mrs",1,0.599148189903545,0.0506104278264834
"864","0","3","female",8,2,"S",0,"Miss",11,0.372180103561368,0.135752559096768
"865","0","2","male",0,0,"S",0,"Mr",1,0.298509332331204,0.0253743101115455
"866","1","2","female",0,0,"S",0,"Mrs",1,0.52398847551046,0.0253743101115455
"867","1","2","female",1,0,"C",0,"Miss",2,0.336089189527746,0.02704960013991
"868","0","1","male",0,0,"S",0,"Mr",1,0.386195665789803,0.0985612375792752
"869","0","3","male",0,0,"S",0,"Mr",1,0.372180103561368,0.018542765081514
"870","1","3","male",1,1,"S",1,"Master",3,0.0479769510209195,0.0217307543665284
"871","0","3","male",0,0,"S",0,"Mr",1,0.323562570462232,0.0154115752137493
"872","1","1","female",1,1,"S",0,"Mrs",3,0.586621570838031,0.102578966804937
"873","0","1","male",0,0,"S",0,"Mr",1,0.411248903920832,0.0097593500429021
"874","0","3","male",0,0,"S",0,"Mr",1,0.586621570838031,0.0175668300772238
"875","1","2","female",1,0,"C",0,"Mrs",2,0.348615808593261,0.0468448802059301
"876","1","3","female",0,0,"C",1,"Miss",1,0.185769760741576,0.0141022608119935
"877","0","3","male",0,0,"S",0,"Mr",1,0.248402856069147,0.0192177217304811
"878","0","3","male",0,0,"S",0,"Mr",1,0.235876237003633,0.0154115752137493
"879","0","3","male",0,0,"S",0,"Mr",1,0.372180103561368,0.0154115752137493
"880","1","1","female",0,1,"C",0,"Mrs",2,0.699361142427659,0.162314191734533
"881","1","2","female",0,1,"S",0,"Mrs",2,0.311035951396718,0.0507486202230909
"882","0","3","male",0,0,"S",0,"Mr",1,0.411248903920832,0.0154115752137493
"883","0","3","female",0,0,"S",0,"Miss",1,0.273456094200175,0.0205272313192377
"884","0","2","male",0,0,"S",0,"Mr",1,0.348615808593261,0.0204946350900944
"885","0","3","male",0,0,"S",0,"Mr",1,0.311035951396718,0.013760683560492
"886","0","3","female",0,5,"Q",0,"Mrs",6,0.486408618313917,0.0568482139999047
"887","0","2","male",0,0,"S",0,"Rev",1,0.336089189527746,0.0253743101115455
"888","1","1","female",0,0,"S",0,"Miss",1,0.235876237003633,0.0585561002574126
"889","0","3","female",1,2,"S",0,"Miss",4,0.372180103561368,0.0457713517012109
"890","1","1","male",0,0,"C",0,"Mr",1,0.323562570462232,0.0585561002574126
"891","0","3","male",0,0,"Q",0,"Mr",1,0.398722284855318,0.0151269925664983
"892","0","3","male",0,0,"Q",0,"Mr",1,0.430038832519103,0.0152815806711778
"893","1","3","female",1,0,"S",0,"Mrs",2,0.586621570838031,0.0136630900600629
"894","0","2","male",0,0,"Q",0,"Mr",1,0.774520856820744,0.0189087407081228
"895","0","3","male",0,0,"S",0,"Mr",1,0.336089189527746,0.0169080739493279
"896","1","3","female",1,1,"S",0,"Mrs",3,0.273456094200175,0.0239836027304319
"897","0","3","male",0,0,"S",1,"Mr",1,0.173243141676062,0.0180060008291544
"898","1","3","female",0,0,"Q",0,"Miss",1,0.373669046724289,0.0148912066694617
"899","0","2","male",1,1,"S",0,"Mr",3,0.323562570462232,0.0566042302488322
"900","1","3","female",0,0,"C",0,"Mrs",1,0.223349617938118,0.0141104586660296
"901","0","3","male",2,0,"S",0,"Mr",3,0.260929475134661,0.0471376607072172
"902","0","3","male",0,0,"S",0,"Mr",1,0.372180103561368,0.0154115752137493
"903","0","1","male",0,0,"S",0,"Mr",1,0.574094951772517,0.0507486202230909
"904","1","1","female",1,0,"S",0,"Mrs",2,0.28598271326569,0.160573904434883
"905","0","2","male",1,0,"S",0,"Mr",2,0.787047475886258,0.0507486202230909
"906","1","1","female",1,0,"S",0,"Mrs",2,0.586621570838031,0.119405647774907
"907","1","2","female",1,0,"C",0,"Mrs",2,0.298509332331204,0.0541073981338561
"908","0","2","male",0,0,"Q",0,"Mr",1,0.43630214205186,0.0241055946059682
"909","0","3","male",0,0,"C",0,"Mr",1,0.260929475134661,0.0141022608119935
"910","1","3","female",1,0,"S",0,"Miss",2,0.336089189527746,0.0154685698179998
"911","1","3","female",0,0,"C",0,"Mrs",1,0.561568332707002,0.0141022608119935
"912","0","1","male",1,0,"C",0,"Mr",2,0.686834523362145,0.115941078509677
"913","0","3","male",0,1,"S",1,"Master",2,0.110610046348491,0.0061889894232068
"914","1","1","female",0,0,"S",0,"Mrs",1,0.372180103561368,0.061841683042856
"915","0","1","male",0,1,"C",0,"Mr",2,0.260929475134661,0.119804219630659
"916","1","1","female",1,3,"C",0,"Mrs",5,0.599148189903545,0.512121893501288
"917","0","3","male",1,0,"S",0,"Mr",2,0.624201428034573,0.0283021151244161
"918","1","1","female",0,1,"C",0,"Miss",2,0.273456094200175,0.120975341635808
"919","0","3","male",0,0,"C",0,"Mr",1,0.279719403732932,0.0141022608119935
"920","0","1","male",0,0,"S",0,"Mr",1,0.511461856444945,0.0595320352617028
"921","0","3","male",2,0,"C",0,"Mr",3,0.372180103561368,0.0423149802900167
"922","0","2","male",1,0,"S",0,"Mr",2,0.624201428034573,0.0507486202230909
"923","0","2","male",2,0,"S",0,"Mr",3,0.298509332331204,0.0614839052702832
"924","1","3","female",1,2,"S",0,"Mrs",4,0.411248903920832,0.0401597254265421
"925","1","3","female",1,2,"S",0,"Mrs",4,0.372180103561368,0.0457713517012109
"926","0","1","male",1,0,"C",0,"Mr",2,0.373669046724289,0.112720492995519
"927","0","3","male",0,0,"C",0,"Mr",1,0.229612927470876,0.0141104586660296
"928","1","3","female",0,0,"S",0,"Miss",1,0.372180103561368,0.0157125535690724
"929","1","3","female",0,0,"S",0,"Miss",1,0.260929475134661,0.0169080739493279
"930","0","3","male",0,0,"S",0,"Mr",1,0.311035951396718,0.018542765081514
"931","0","3","male",0,0,"S",0,"Mr",1,0.372180103561368,0.110272457630758
"932","0","3","male",0,1,"C",0,"Mr",2,0.486408618313917,0.0261876543441209
"933","0","1","male",0,0,"S",0,"Mr",1,0.372180103561368,0.0518221487278102
"934","0","3","male",0,0,"S",0,"Mr",1,0.511461856444945,0.0153221795673563
"935","1","2","female",0,0,"S",0,"Mrs",1,0.373669046724289,0.0253743101115455
"936","1","1","female",1,0,"S",0,"Mrs",2,0.561568332707002,0.102578966804937
"937","0","3","male",0,0,"S",0,"Mr",1,0.311035951396718,0.0154685698179998
"938","0","1","male",0,0,"C",0,"Mr",1,0.561568332707002,0.0579705392548385
"939","0","3","male",0,0,"Q",0,"Mr",1,0.372180103561368,0.0151269925664983
"940","1","1","female",0,0,"C",0,"Mrs",1,0.749467618689716,0.148911481133615
"941","1","3","female",0,2,"S",0,"Mrs",3,0.448828761117374,0.0310347331364287
"942","0","1","male",1,0,"S",0,"Mr",2,0.298509332331204,0.117112200514825
"943","0","2","male",0,0,"C",0,"Mr",1,0.336089189527746,0.029343047399992
"944","1","2","female",2,1,"S",0,"Miss",4,0.248402856069147,0.0448930101973497
"945","1","1","female",3,2,"S",0,"Miss",6,0.348615808593261,0.513341812256651
"946","0","2","male",0,0,"C",0,"Mr",1,0.372180103561368,0.0304085732376761
"947","0","3","male",4,1,"Q",1,"Master",6,0.123136665414005,0.0568482139999047
"948","0","3","male",0,0,"S",0,"Mr",1,0.43630214205186,0.0154115752137493
"949","0","3","male",0,0,"S",0,"Mr",1,0.311035951396718,0.0149318055656402
"950","0","3","male",1,0,"S",0,"Mr",2,0.372180103561368,0.0314251071381448
"951","1","1","female",0,0,"C",0,"Miss",1,0.448828761117374,0.512121893501288
"952","0","3","male",0,0,"S",1,"Mr",1,0.210822998872604,0.0154115752137493
"953","0","2","male",0,0,"S",0,"Mr",1,0.398722284855318,0.0263502451158357
"954","0","3","male",0,0,"S",0,"Mr",1,0.223349617938118,0.0151269925664983
"955","1","3","female",0,0,"Q",0,"Miss",1,0.273456094200175,0.0150781958162837
"956","0","1","male",2,2,"C",1,"Master",5,0.160716522610547,0.512121893501288
"957","1","2","female",0,0,"S",0,"Mrs",1,0.372180103561368,0.0409892701801888
"958","1","3","female",0,0,"Q",0,"Miss",1,0.223349617938118,0.0153791741716068
"959","0","1","male",0,0,"S",0,"Mr",1,0.586621570838031,0.0827592883638098
"960","0","1","male",0,0,"C",0,"Mr",1,0.386195665789803,0.0557014903698638
"961","1","1","female",1,4,"S",0,"Mrs",6,0.749467618689716,0.513341812256651
"962","1","3","female",0,0,"Q",0,"Miss",1,0.298509332331204,0.0151269925664983
"963","0","3","male",0,0,"S",0,"Mr",1,0.260929475134661,0.0154115752137493
"964","1","3","female",0,0,"S",0,"Miss",1,0.361142427658775,0.0154685698179998
"965","0","1","male",0,0,"C",0,"Mr",1,0.354879118126018,0.0541073981338561
"966","1","1","female",0,0,"C",0,"Miss",1,0.43630214205186,0.412820506814759
"967","0","1","male",0,0,"C",0,"Mr",1,0.404985594388075,0.412820506814759
"968","0","3","male",0,0,"S",0,"Mr",1,0.372180103561368,0.0157125535690724
"969","1","1","female",2,0,"S",0,"Mrs",3,0.686834523362145,0.0501630592205168
"970","0","2","male",0,0,"S",0,"Mr",1,0.373669046724289,0.0253743101115455
"971","1","3","female",0,0,"Q",0,"Miss",1,0.298509332331204,0.0151269925664983
"972","0","3","male",1,1,"C",1,"Master",3,0.0730301891519479,0.0297578197768154
"973","0","1","male",1,0,"S",0,"Mr",2,0.837153952148315,0.432884169006959
"974","0","1","male",0,0,"S",0,"Mr",1,0.611674808969059,0.0507486202230909
"975","0","3","male",0,0,"S",0,"Mr",1,0.372180103561368,0.0154115752137493
"976","0","2","male",0,0,"Q",0,"Mr",1,0.372180103561368,0.0209012096128817
"977","0","3","male",1,0,"C",0,"Mr",2,0.372180103561368,0.0282127194780231
"978","1","3","female",0,0,"Q",0,"Miss",1,0.336089189527746,0.0153791741716068
"979","1","3","female",0,0,"S",0,"Miss",1,0.223349617938118,0.0157125535690724
"980","1","3","female",0,0,"Q",0,"Ms",1,0.372180103561368,0.0151269925664983
"981","0","2","male",1,1,"S",1,"Master",3,0.022923712889891,0.0448930101973497
"982","1","3","female",1,0,"S",0,"Mrs",2,0.273456094200175,0.0271309931192678
"983","0","3","male",0,0,"S",0,"Mr",1,0.372180103561368,0.0151757893167128
"984","1","1","female",1,2,"S",0,"Mrs",4,0.336089189527746,0.101497240446182
"985","0","3","male",0,0,"S",0,"Mr",1,0.372180103561368,0.0157125535690724
"986","0","1","male",0,0,"C",0,"Mr",1,0.311035951396718,0.0507486202230909
"987","0","3","male",0,0,"S",0,"Mr",1,0.311035951396718,0.0152163882128912
"988","1","1","female",1,0,"S",0,"Mrs",2,0.949893523737943,0.153904950176566
"989","0","3","male",0,0,"S",0,"Mr",1,0.361142427658775,0.0154685698179998
"990","1","3","female",0,0,"S",0,"Miss",1,0.248402856069147,0.0153303774213923
"991","0","3","male",0,0,"S",0,"Mr",1,0.411248903920832,0.0157125535690724
"992","1","1","female",1,0,"C",0,"Mrs",2,0.536515094575974,0.108214991454713
"993","0","2","male",1,0,"S",0,"Mr",2,0.336089189527746,0.0507486202230909
"994","0","3","male",0,0,"Q",0,"Mr",1,0.372180103561368,0.0151269925664983
"995","0","3","male",0,0,"S",0,"Mr",1,0.323562570462232,0.0151757893167128
"996","1","3","female",1,1,"C",1,"Mrs",3,0.19829637980709,0.0166234913020769
"997","0","3","male",0,0,"S",0,"Mr",1,0.348615808593261,0.043965871943274
"998","0","3","male",0,0,"Q",0,"Mr",1,0.260929475134661,0.0152651849631058
"999","0","3","male",0,0,"Q",0,"Mr",1,0.372180103561368,0.0151269925664983
"1000","0","3","male",0,0,"S",0,"Mr",1,0.372180103561368,0.0170056674497569
"1001","0","2","male",0,0,"S",0,"Mr",1,0.229612927470876,0.0253743101115455
"1002","0","2","male",0,0,"C",0,"Mr",1,0.511461856444945,0.0293674457750993
"1003","1","3","female",0,0,"Q",0,"Miss",1,0.372180103561368,0.0151839871707488
"1004","1","1","female",0,0,"C",0,"Miss",1,0.448828761117374,0.0618336803758209
"1005","1","3","female",0,0,"Q",0,"Miss",1,0.229612927470876,0.0142160548334938
"1006","1","1","female",1,0,"S",0,"Mrs",2,0.787047475886258,0.432884169006959
"1007","0","3","male",1,0,"C",0,"Mr",2,0.223349617938118,0.0282127194780231
"1008","0","3","male",0,0,"C",0,"Mr",1,0.372180103561368,0.0125651631802365
"1009","1","3","female",1,1,"S",1,"Miss",3,0.0103970938243768,0.032596229143293
"1010","0","1","male",0,0,"C",0,"Mr",1,0.448828761117374,0.146862017624605
"1011","1","2","female",1,0,"S",0,"Mrs",2,0.361142427658775,0.0507486202230909
"1012","1","2","female",0,0,"S",1,"Miss",1,0.148189903545033,0.0307419526351416
"1013","0","3","male",1,0,"Q",0,"Mr",2,0.372180103561368,0.0151269925664983
"1014","1","1","female",1,0,"C",0,"Mrs",2,0.43630214205186,0.112720492995519
"1015","0","3","male",0,0,"S",0,"Mr",1,0.348615808593261,0.014151057562208
"1016","0","3","male",0,0,"Q",0,"Mr",1,0.372180103561368,0.0151269925664983
"1017","1","3","female",0,1,"S",1,"Miss",2,0.210822998872604,0.0314251071381448
"1018","0","3","male",0,0,"S",0,"Mr",1,0.273456094200175,0.0152163882128912
"1019","1","3","female",2,0,"Q",0,"Miss",3,0.372180103561368,0.0453809776994948
"1020","0","2","male",0,0,"S",0,"Mr",1,0.52398847551046,0.0253743101115455
"1021","0","3","male",0,0,"S",0,"Mr",1,0.298509332331204,0.0157125535690724
"1022","0","3","male",0,0,"S",0,"Mr",1,0.398722284855318,0.0157125535690724
"1023","0","1","male",0,0,"C",0,"Col",1,0.661781285231116,0.055628295244542
"1024","1","3","female",0,4,"S",0,"Mrs",5,0.372180103561368,0.049707687947515
"1025","0","3","male",1,0,"C",0,"Mr",2,0.372180103561368,0.0125651631802365
"1026","0","3","male",0,0,"S",0,"Mr",1,0.536515094575974,0.0154115752137493
"1027","0","3","male",0,0,"S",0,"Mr",1,0.298509332331204,0.0153303774213923
"1028","0","3","male",0,0,"C",0,"Mr",1,0.329825879994989,0.0141022608119935
"1029","0","2","male",0,0,"S",0,"Mr",1,0.323562570462232,0.0253743101115455
"1030","1","3","female",0,0,"S",0,"Miss",1,0.28598271326569,0.0157125535690724
"1031","0","3","male",1,6,"S",0,"Mr",8,0.498935237379431,0.0915427034024217
"1032","1","3","female",5,2,"S",1,"Miss",8,0.123136665414005,0.0915427034024217
"1033","1","1","female",0,0,"S",0,"Miss",1,0.411248903920832,0.295805899800363
"1034","0","1","male",1,3,"C",0,"Mr",5,0.76199423775523,0.512121893501288
"1035","0","2","male",0,0,"S",0,"Mr",1,0.348615808593261,0.0507486202230909
"1036","0","1","male",0,0,"S",0,"Mr",1,0.52398847551046,0.0518221487278102
"1037","0","3","male",3,0,"S",0,"Mr",4,0.386195665789803,0.0351336601544476
"1038","0","1","male",0,0,"S",0,"Mr",1,0.372180103561368,0.101228858320002
"1039","0","3","male",0,0,"S",0,"Mr",1,0.273456094200175,0.0157125535690724
"1040","0","1","male",0,0,"S",0,"Mr",1,0.372180103561368,0.0518221487278102
"1041","0","2","male",1,1,"S",0,"Rev",3,0.373669046724289,0.0507486202230909
"1042","1","1","female",0,1,"C",0,"Mrs",2,0.28598271326569,0.162314191734533
"1043","0","3","male",0,0,"C",0,"Mr",1,0.372180103561368,0.0154115752137493
"1044","0","3","male",0,0,"S",0,"Mr",1,0.755730928222473,0.0649884474305693
"1045","1","3","female",0,2,"S",0,"Mrs",3,0.448828761117374,0.0237802178755378
"1046","0","3","male",4,2,"S",1,"Master",7,0.160716522610547,0.0612643198943179
"1047","0","3","male",0,0,"S",0,"Mr",1,0.298509332331204,0.0147366185647822
"1048","1","1","female",0,0,"S",0,"Miss",1,0.361142427658775,0.432884169006959
"1049","1","3","female",0,0,"S",0,"Miss",1,0.28598271326569,0.0153303774213923
"1050","0","1","male",0,0,"S",0,"Mr",1,0.52398847551046,0.0518221487278102
"1051","1","3","female",0,2,"S",0,"Mrs",3,0.323562570462232,0.0268870093681953
"1052","1","3","female",0,0,"Q",0,"Miss",1,0.372180103561368,0.015094396337355
"1053","0","3","male",1,1,"C",1,"Master",3,0.0855568082174621,0.0297578197768154
"1054","1","2","female",0,0,"S",0,"Miss",1,0.323562570462232,0.0263502451158357
"1055","0","3","male",0,0,"S",0,"Mr",1,0.372180103561368,0.0136630900600629
"1056","0","2","male",0,0,"S",0,"Rev",1,0.511461856444945,0.0253743101115455
"1057","1","3","female",1,1,"S",0,"Mrs",3,0.323562570462232,0.0429899369389838
"1058","0","1","male",0,0,"C",0,"Mr",1,0.599148189903545,0.0985612375792752
"1059","0","3","male",2,2,"S",0,"Mr",5,0.223349617938118,0.067095531544952
"1060","1","1","female",0,0,"C",0,"Mrs",1,0.372180103561368,0.0541073981338561
"1061","1","3","female",0,0,"S",0,"Miss",1,0.273456094200175,0.017493634951902
"1062","0","3","male",0,0,"S",0,"Mr",1,0.372180103561368,0.0147366185647822
"1063","0","3","male",0,0,"C",0,"Mr",1,0.336089189527746,0.0141022608119935
"1064","0","3","male",1,0,"S",0,"Mr",2,0.28598271326569,0.0271309931192678
"1065","0","3","male",0,0,"C",0,"Mr",1,0.372180103561368,0.0141104586660296
"1066","0","3","male",1,5,"S",0,"Mr",7,0.498935237379431,0.0612643198943179
"1067","1","2","female",0,2,"S",1,"Miss",3,0.185769760741576,0.0761229303346364
"1068","1","2","female",0,0,"S",0,"Miss",1,0.248402856069147,0.0717312228153305
"1069","0","1","male",1,0,"C",0,"Mr",2,0.67430790429663,0.108214991454713
"1070","1","2","female",0,3,"S",0,"Mrs",4,0.448828761117374,0.0761229303346364
"1071","1","1","female",0,2,"C",0,"Mrs",3,0.799574094951773,0.162314191734533
"1072","0","2","male",0,0,"S",0,"Mr",1,0.373669046724289,0.0253743101115455
"1073","0","1","male",1,1,"C",0,"Mr",3,0.461355380182889,0.162314191734533
"1074","1","1","female",1,0,"S",0,"Mrs",2,0.223349617938118,0.10364429745562
"1075","0","3","male",0,0,"Q",0,"Mr",1,0.372180103561368,0.0151269925664983
"1076","1","1","female",1,1,"C",0,"Mrs",3,0.336089189527746,0.483128426019833
"1077","0","2","male",0,0,"S",0,"Mr",1,0.498935237379431,0.0312299201372867
"1078","1","2","female",0,1,"S",0,"Miss",2,0.260929475134661,0.0409892701801888
"1079","0","3","male",2,0,"S",1,"Mr",3,0.210822998872604,0.0157125535690724
"1080","1","3","female",8,2,"S",0,"Miss",11,0.372180103561368,0.135752559096768
"1081","0","2","male",0,0,"S",0,"Mr",1,0.498935237379431,0.0253743101115455
"1082","0","2","male",1,0,"S",0,"Mr",2,0.423775522986346,0.0507486202230909
"1083","0","1","male",0,0,"S",0,"Mr",1,0.372180103561368,0.0507486202230909
"1084","0","3","male",1,1,"S",1,"Master",3,0.141926594012276,0.0283021151244161
"1085","0","2","male",0,0,"Q",0,"Mr",1,0.76199423775523,0.0241055946059682
"1086","0","2","male",0,2,"S",1,"Master",3,0.0980834272829763,0.0634357752788637
"1087","0","3","male",0,0,"S",0,"Mr",1,0.411248903920832,0.0153303774213923
"1088","0","1","male",0,2,"C",1,"Master",3,0.0730301891519479,0.262526516154067
"1089","1","3","female",0,0,"S",0,"Miss",1,0.223349617938118,0.0151757893167128
"1090","0","2","male",0,0,"S",0,"Mr",1,0.28598271326569,0.0204946350900944
"1091","1","3","female",0,0,"S",0,"Mrs",1,0.372180103561368,0.0158345454446087
"1092","1","3","female",0,0,"Q",0,"Miss",1,0.372180103561368,0.0302539851329965
"1093","0","3","male",0,2,"S",1,"Master",3,0.00200425905048228,0.0281069281235581
"1094","0","1","male",1,0,"C",0,"Col",2,0.586621570838031,0.44409922370226
"1095","1","2","female",1,1,"S",1,"Miss",3,0.0980834272829763,0.0507486202230909
"1096","0","2","male",0,0,"S",0,"Mr",1,0.311035951396718,0.0204946350900944
"1097","0","1","male",0,0,"C",0,"Mr",1,0.372180103561368,0.0502444521998746
"1098","1","3","female",0,0,"Q",0,"Miss",1,0.43630214205186,0.0151269925664983
"1099","0","2","male",0,0,"S",0,"Mr",1,0.298509332331204,0.0204946350900944
"1100","1","1","female",0,0,"C",0,"Miss",1,0.411248903920832,0.0541073981338561
"1101","0","3","male",0,0,"S",0,"Mr",1,0.311035951396718,0.0154115752137493
"1102","0","3","male",0,0,"S",0,"Mr",1,0.398722284855318,0.043965871943274
"1103","0","3","male",0,0,"S",0,"Mr",1,0.372180103561368,0.013760683560492
"1104","0","2","male",0,0,"S",1,"Mr",1,0.210822998872604,0.143462445630661
"1105","1","2","female",1,0,"S",0,"Mrs",2,0.749467618689716,0.0507486202230909
"1106","1","3","female",4,2,"S",0,"Miss",7,0.473881999248403,0.0151757893167128
"1107","0","1","male",0,0,"S",0,"Mr",1,0.52398847551046,0.0829544753646679
"1108","1","3","female",0,0,"Q",0,"Miss",1,0.372180103561368,0.0153791741716068
"1109","0","1","male",1,1,"S",0,"Mr",3,0.711887761493173,0.321798367143626
"1110","1","1","female",1,1,"C",0,"Mrs",3,0.624201428034573,0.412820506814759
"1111","0","3","male",0,0,"S",0,"Mr",1,0.372180103561368,0.0157125535690724
"1112","1","2","female",1,0,"C",0,"Miss",2,0.373669046724289,0.02704960013991
"1113","0","3","male",0,0,"S",0,"Mr",1,0.260929475134661,0.0157125535690724
"1114","1","2","female",0,0,"S",0,"Mrs",1,0.273456094200175,0.0204946350900944
"1115","0","3","male",0,0,"S",0,"Mr",1,0.260929475134661,0.0152163882128912
"1116","1","1","female",0,0,"C",0,"Mrs",1,0.661781285231116,0.0535706338814965
"1117","1","3","female",0,2,"C",0,"Mrs",3,0.372180103561368,0.0297578197768154
"1118","0","3","male",0,0,"S",0,"Mr",1,0.28598271326569,0.0152163882128912
"1119","1","3","female",0,0,"Q",0,"Miss",1,0.372180103561368,0.0151269925664983
"1120","0","3","male",0,0,"S",0,"Mr",1,0.505198546912188,0.0294732371295643
"1121","0","2","male",0,0,"S",0,"Mr",1,0.448828761117374,0.0253743101115455
"1122","0","2","male",0,0,"S",1,"Mr",1,0.173243141676062,0.126871550557727
"1123","1","1","female",0,0,"S",0,"Miss",1,0.260929475134661,0.0518221487278102
"1124","0","3","male",1,0,"S",0,"Mr",2,0.260929475134661,0.0126789572017367
"1125","0","3","male",0,0,"Q",0,"Mr",1,0.372180103561368,0.0153791741716068
"1126","0","1","male",1,0,"C",0,"Mr",2,0.486408618313917,0.139135735382641
"1127","0","3","male",0,0,"S",0,"Mr",1,0.248402856069147,0.0153303774213923
"1128","0","1","male",1,0,"C",0,"Mr",2,0.799574094951773,0.146878218145677
"1129","0","3","male",0,0,"C",0,"Mr",1,0.248402856069147,0.0141022608119935
"1130","1","2","female",1,1,"S",0,"Miss",3,0.223349617938118,0.0253743101115455
"1131","1","1","female",1,0,"C",0,"Mrs",2,0.599148189903545,0.207727765663171
"1132","1","1","female",0,0,"C",0,"Mrs",1,0.686834523362145,0.0541073981338561
"1133","1","2","female",0,2,"S",0,"Mrs",3,0.561568332707002,0.0585561002574126
"1134","0","1","male",1,1,"C",0,"Mr",3,0.561568332707002,0.262526516154067
"1135","0","3","male",0,0,"S",0,"Mr",1,0.372180103561368,0.0153953746926781
"1136","0","3","male",1,2,"S",0,"Master",4,0.372180103561368,0.0457713517012109
"1137","0","1","male",1,0,"S",0,"Mr",2,0.511461856444945,0.101228858320002
"1138","1","2","female",0,0,"S",0,"Mrs",1,0.273456094200175,0.0409892701801888
"1139","0","2","male",1,1,"S",0,"Mr",3,0.52398847551046,0.0634357752788637
"1140","1","2","female",1,0,"S",0,"Mrs",2,0.361142427658775,0.0507486202230909
"1141","1","3","female",1,0,"C",0,"Mrs",2,0.372180103561368,0.0282127194780231
"1142","1","2","female",1,2,"S",1,"Miss",4,0.00939496429913566,0.0541643927381067
"1143","0","3","male",0,0,"S",0,"Mr",1,0.248402856069147,0.0154685698179998
"1144","0","1","male",1,0,"C",0,"Mr",2,0.336089189527746,0.266975218277623
"1145","0","3","male",0,0,"S",0,"Mr",1,0.298509332331204,0.0182011878300124
"1146","0","3","male",0,0,"S",0,"Mr",1,0.404985594388075,0.018542765081514
"1147","0","3","male",0,0,"S",0,"Mr",1,0.372180103561368,0.0147366185647822
"1148","0","3","male",0,0,"Q",0,"Mr",1,0.372180103561368,0.0151269925664983
"1149","0","3","male",0,0,"S",0,"Mr",1,0.348615808593261,0.0157125535690724
"1150","1","2","female",0,0,"S",0,"Miss",1,0.235876237003633,0.0253743101115455
"1151","0","3","male",0,0,"S",0,"Mr",1,0.260929475134661,0.0151757893167128
"1152","0","3","male",1,0,"S",0,"Mr",2,0.455092070650132,0.0339625381492993
"1153","0","3","male",0,0,"S",0,"Mr",1,0.260929475134661,0.0153303774213923
"1154","1","2","female",0,2,"S",0,"Mrs",3,0.361142427658775,0.0448930101973497
"1155","1","3","female",1,1,"S",1,"Miss",3,0.0103970938243768,0.0237802178755378
"1156","0","2","male",0,0,"C",0,"Mr",1,0.373669046724289,0.0248619442342931
"1157","0","3","male",0,0,"S",0,"Mr",1,0.372180103561368,0.0154115752137493
"1158","0","1","male",0,0,"S",0,"Mr",1,0.372180103561368,0
"1159","0","3","male",0,0,"S",0,"Mr",1,0.372180103561368,0.0147366185647822
"1160","1","3","female",0,0,"S",0,"Miss",1,0.372180103561368,0.0157125535690724
"1161","0","3","male",0,0,"S",1,"Mr",1,0.210822998872604,0.0169080739493279
"1162","0","1","male",0,0,"C",0,"Mr",1,0.574094951772517,0.146862017624605
"1163","0","3","male",0,0,"Q",0,"Mr",1,0.372180103561368,0.0151269925664983
"1164","1","1","female",1,0,"C",0,"Mrs",2,0.323562570462232,0.266975218277623
"1165","1","3","female",1,0,"Q",0,"Miss",2,0.372180103561368,0.0302539851329965
"1166","0","3","male",0,0,"C",0,"Mr",1,0.372180103561368,0.0141022608119935
"1167","1","2","female",1,0,"S",0,"Miss",2,0.248402856069147,0.0507486202230909
"1168","0","2","male",0,0,"S",0,"Mr",1,0.348615808593261,0.0204946350900944
"1169","0","2","male",1,0,"S",0,"Mr",2,0.498935237379431,0.0507486202230909
"1170","0","2","male",1,0,"S",0,"Mr",2,0.373669046724289,0.0409892701801888
"1171","0","2","male",0,0,"S",0,"Mr",1,0.273456094200175,0.0204946350900944
"1172","1","3","female",0,0,"S",0,"Miss",1,0.28598271326569,0.0169080739493279
"1173","0","3","male",1,1,"S",1,"Master",3,0.00726543905799825,0.0268870093681953
"1174","1","3","female",0,0,"Q",0,"Miss",1,0.372180103561368,0.0151269925664983
"1175","1","3","female",1,1,"C",1,"Miss",3,0.110610046348491,0.0297578197768154
"1176","1","3","female",1,1,"S",1,"Miss",3,0.022923712889891,0.0394521725484317
"1177","0","3","male",0,0,"S",0,"Mr",1,0.448828761117374,0.014151057562208
"1178","0","3","male",0,0,"S",0,"Mr",1,0.372180103561368,0.014151057562208
"1179","0","1","male",1,0,"S",0,"Mr",2,0.298509332331204,0.160573904434883
"1180","0","3","male",0,0,"C",0,"Mr",1,0.372180103561368,0.0141104586660296
"1181","0","3","male",0,0,"S",0,"Mr",1,0.372180103561368,0.0157125535690724
"1182","0","1","male",0,0,"S",0,"Mr",1,0.372180103561368,0.0772940523397847
"1183","1","3","female",0,0,"Q",0,"Miss",1,0.373669046724289,0.0135654965596339
"1184","0","3","male",0,0,"C",0,"Mr",1,0.372180103561368,0.0141104586660296
"1185","0","1","male",1,1,"S",0,"Dr",3,0.661781285231116,0.159776760723379
"1186","0","3","male",0,0,"S",0,"Mr",1,0.448828761117374,0.018542765081514
"1187","0","3","male",0,0,"S",0,"Mr",1,0.323562570462232,0.0154115752137493
"1188","1","2","female",1,2,"C",1,"Miss",4,0.0103970938243768,0.081157193460767
"1189","0","3","male",2,0,"C",0,"Mr",3,0.372180103561368,0.0423149802900167
"1190","0","1","male",0,0,"S",0,"Mr",1,0.373669046724289,0.0888100853904091
"1191","0","3","male",0,0,"S",0,"Mr",1,0.361142427658775,0.0153303774213923
"1192","0","3","male",0,0,"S",0,"Mr",1,0.398722284855318,0.0151757893167128
"1193","0","2","male",0,0,"C",0,"Mr",1,0.372180103561368,0.0293674457750993
"1194","0","2","male",0,1,"S",0,"Mr",2,0.536515094575974,0.0409892701801888
"1195","0","3","male",0,0,"S",0,"Mr",1,0.298509332331204,0.0169080739493279
"1196","1","3","female",0,0,"Q",0,"Miss",1,0.372180103561368,0.0151269925664983
"1197","1","1","female",1,1,"S",0,"Mrs",3,0.799574094951773,0.0518221487278102
"1198","0","1","male",1,2,"S",0,"Mr",4,0.373669046724289,0.295805899800363
"1199","0","3","male",0,1,"S",1,"Master",2,0.00826756858323938,0.0182499845802269
"1200","0","1","male",1,1,"S",0,"Mr",3,0.686834523362145,0.182499845802269
"1201","1","3","female",1,0,"S",0,"Mrs",2,0.561568332707002,0.0275375676420551
"1202","0","3","male",0,0,"S",0,"Mr",1,0.223349617938118,0.0169080739493279
"1203","0","3","male",0,0,"C",0,"Mr",1,0.273456094200175,0.0141022608119935
"1204","0","3","male",0,0,"S",0,"Mr",1,0.372180103561368,0.0147854153149967
"1205","1","3","female",0,0,"Q",0,"Miss",1,0.461355380182889,0.0151269925664983
"1206","1","1","female",0,0,"C",0,"Mrs",1,0.686834523362145,0.264738570434791
"1207","1","3","female",0,0,"Q",1,"Miss",1,0.210822998872604,0.015094396337355
"1208","0","1","male",1,0,"C",0,"Mr",2,0.711887761493173,0.28598955515321
"1209","0","2","male",0,0,"S",0,"Mr",1,0.235876237003633,0.0204946350900944
"1210","0","3","male",0,0,"S",0,"Mr",1,0.336089189527746,0.0153303774213923
"1211","0","2","male",2,0,"S",0,"Mr",3,0.273456094200175,0.0614839052702832
"1212","0","3","male",0,0,"S",0,"Mr",1,0.323562570462232,0.0151757893167128
"1213","0","3","male",0,0,"C",0,"Mr",1,0.311035951396718,0.0141104586660296
"1214","0","2","male",0,0,"S",0,"Mr",1,0.323562570462232,0.0253743101115455
"1215","0","1","male",0,0,"S",0,"Mr",1,0.411248903920832,0.0518221487278102
"1216","1","1","female",0,0,"S",0,"Miss",1,0.486408618313917,0.412503327938365
"1217","0","3","male",0,0,"S",0,"Mr",1,0.28598271326569,0.013760683560492
"1218","1","2","female",2,1,"S",1,"Miss",4,0.148189903545033,0.0761229303346364
"1219","0","1","male",0,0,"C",0,"Mr",1,0.574094951772517,0.154588104679569
"1220","0","2","male",1,0,"S",0,"Mr",2,0.361142427658775,0.0507486202230909
"1221","0","2","male",0,0,"S",0,"Mr",1,0.260929475134661,0.0253743101115455
"1222","1","2","female",0,2,"S",0,"Mrs",3,0.599148189903545,0.0717312228153305
"1223","0","1","male",0,0,"C",0,"Mr",1,0.486408618313917,0.0579705392548385
"1224","0","3","male",0,0,"C",0,"Mr",1,0.372180103561368,0.0141022608119935
"1225","1","3","female",1,1,"C",0,"Mrs",3,0.235876237003633,0.0307257521140704
"1226","0","3","male",0,0,"S",0,"Mr",1,0.336089189527746,0.0154115752137493
"1227","0","1","male",0,0,"S",0,"Mr",1,0.373669046724289,0.0507486202230909
"1228","0","2","male",0,0,"S",0,"Mr",1,0.398722284855318,0.0253743101115455
"1229","0","3","male",0,2,"C",0,"Mr",3,0.486408618313917,0.0141104586660296
"1230","0","2","male",0,0,"S",0,"Mr",1,0.311035951396718,0.0614839052702832
"1231","0","3","male",0,0,"C",0,"Master",1,0.372180103561368,0.0141104586660296
"1232","0","2","male",0,0,"S",0,"Mr",1,0.223349617938118,0.0204946350900944
"1233","0","3","male",0,0,"S",0,"Mr",1,0.398722284855318,0.0147936131690327
"1234","0","3","male",1,9,"S",0,"Mr",11,0.372180103561368,0.135752559096768
"1235","1","1","female",0,1,"C",0,"Mrs",2,0.724414380558687,1
"1236","0","3","male",1,1,"S",0,"Master",3,0.372180103561368,0.0283021151244161
"1237","1","3","female",0,0,"S",1,"Miss",1,0.19829637980709,0.0149318055656402
"1238","0","2","male",0,0,"S",0,"Mr",1,0.323562570462232,0.0253743101115455
"1239","1","3","female",0,0,"C",0,"Mrs",1,0.473881999248403,0.0141104586660296
"1240","0","2","male",0,0,"S",0,"Mr",1,0.298509332331204,0.0263502451158357
"1241","1","2","female",0,0,"S",0,"Miss",1,0.386195665789803,0.0409892701801888
"1242","1","1","female",0,1,"C",0,"Mrs",2,0.561568332707002,0.123667165564641
"1243","0","2","male",0,0,"S",0,"Mr",1,0.311035951396718,0.0204946350900944
"1244","0","2","male",0,0,"S",0,"Mr",1,0.223349617938118,0.143462445630661
"1245","0","2","male",1,2,"S",0,"Mr",4,0.611674808969059,0.126871550557727
"1246","1","3","female",1,2,"S",1,"Miss",4,0,0.0401597254265421
"1247","0","1","male",0,0,"S",0,"Mr",1,0.624201428034573,0.0507486202230909
"1248","1","1","female",2,0,"S",0,"Mrs",3,0.736940999624201,0.100480706545713
"1249","0","3","male",0,0,"S",0,"Mr",1,0.372180103561368,0.0153791741716068
"1250","0","3","male",0,0,"Q",0,"Mr",1,0.372180103561368,0.0151269925664983
"1251","1","3","female",1,0,"S",0,"Mrs",2,0.373669046724289,0.0303515786334255
"1252","0","3","male",8,2,"S",1,"Master",11,0.179506451208819,0.135752559096768
"1253","1","2","female",1,1,"C",0,"Mrs",3,0.298509332331204,0.0722273881715116
"1254","1","2","female",0,0,"S",0,"Mrs",1,0.386195665789803,0.0409892701801888
"1255","0","3","male",0,0,"S",0,"Mr",1,0.336089189527746,0.0169080739493279
"1256","1","1","female",1,0,"C",0,"Mrs",2,0.311035951396718,0.108214991454713
"1257","1","3","female",1,9,"S",0,"Mrs",11,0.372180103561368,0.135752559096768
"1258","0","3","male",1,0,"C",0,"Mr",2,0.372180103561368,0.0282207221450583
"1259","1","3","female",0,0,"S",0,"Miss",1,0.273456094200175,0.0774648409655354
"1260","1","1","female",0,1,"C",0,"Mrs",2,0.561568332707002,0.115941078509677
"1261","0","2","male",0,0,"C",0,"Mr",1,0.361142427658775,0.02704960013991
"1262","0","2","male",1,0,"S",0,"Mr",2,0.260929475134661,0.0224465050986748
"1263","1","1","female",0,0,"C",0,"Miss",1,0.386195665789803,0.262526516154067
"1264","0","1","male",0,0,"S",0,"Mr",1,0.611674808969059,0
"1265","0","2","male",0,0,"S",0,"Mr",1,0.549041713641488,0.0253743101115455
"1266","1","1","female",1,1,"S",0,"Mrs",3,0.67430790429663,0.159776760723379
"1267","1","1","female",0,0,"C",0,"Miss",1,0.561568332707002,0.512121893501288
"1268","1","3","female",2,0,"S",0,"Miss",3,0.273456094200175,0.0169080739493279
"1269","0","2","male",0,0,"S",0,"Mr",1,0.260929475134661,0.0224465050986748
"1270","0","1","male",0,0,"S",0,"Mr",1,0.686834523362145,0.097593500429021
"1271","0","3","male",4,2,"S",1,"Master",7,0.0605035700864337,0.0612643198943179
"1272","0","3","male",0,0,"Q",0,"Mr",1,0.372180103561368,0.0151269925664983
"1273","0","3","male",0,0,"Q",0,"Mr",1,0.323562570462232,0.0153791741716068
"1274","1","3","female",0,0,"S",0,"Mrs",1,0.372180103561368,0.0283021151244161
"1275","1","3","female",1,0,"S",0,"Mrs",2,0.235876237003633,0.0314251071381448
"1276","0","2","male",0,0,"S",0,"Mr",1,0.372180103561368,0.0251303263604729
"1277","1","2","female",1,2,"S",0,"Miss",4,0.298509332331204,0.126871550557727
"1278","0","3","male",0,0,"S",0,"Mr",1,0.298509332331204,0.0151757893167128
"1279","0","2","male",0,0,"S",0,"Mr",1,0.711887761493173,0.0253743101115455
"1280","0","3","male",0,0,"Q",0,"Mr",1,0.260929475134661,0.0151269925664983
"1281","0","3","male",3,1,"S",1,"Master",5,0.0730301891519479,0.0411356604308324
"1282","0","1","male",0,0,"S",0,"Mr",1,0.28598271326569,0.182499845802269
"1283","1","1","female",0,1,"S",0,"Mrs",2,0.636728047100088,0.0769036783380686
"1284","0","3","male",0,2,"S",1,"Master",3,0.160716522610547,0.0395253676737535
"1285","0","2","male",0,0,"S",0,"Mr",1,0.586621570838031,0.0204946350900944
"1286","0","3","male",3,1,"S",0,"Mr",5,0.361142427658775,0.0429899369389838
"1287","1","1","female",1,0,"S",0,"Mrs",2,0.223349617938118,0.117112200514825
"1288","0","3","male",0,0,"Q",0,"Mr",1,0.298509332331204,0.014151057562208
"1289","1","1","female",1,1,"C",0,"Mrs",3,0.599148189903545,0.154588104679569
"1290","0","3","male",0,0,"S",0,"Mr",1,0.273456094200175,0.0151757893167128
"1291","0","3","male",0,0,"Q",0,"Mr",1,0.386195665789803,0.015094396337355
"1292","1","1","female",0,0,"S",0,"Miss",1,0.373669046724289,0.321798367143626
"1293","0","2","male",1,0,"S",0,"Mr",2,0.473881999248403,0.0409892701801888
"1294","1","1","female",0,1,"C",0,"Miss",2,0.273456094200175,0.115941078509677
"1295","0","1","male",0,0,"S",1,"Mr",1,0.210822998872604,0.0919330774041378
"1296","0","1","male",1,0,"C",0,"Mr",2,0.536515094575974,0.0541073981338561
"1297","0","2","male",0,0,"C",0,"Mr",1,0.248402856069147,0.0270577979939461
"1298","0","2","male",1,0,"S",0,"Mr",2,0.28598271326569,0.0204946350900944
"1299","0","1","male",1,1,"C",0,"Mr",3,0.624201428034573,0.412820506814759
"1300","1","3","female",0,0,"Q",0,"Miss",1,0.372180103561368,0.0150699979622477
"1301","1","3","female",1,1,"S",1,"Miss",3,0.0354503319554052,0.0268870093681953
"1302","1","3","female",0,0,"Q",0,"Miss",1,0.372180103561368,0.0151269925664983
"1303","1","1","female",1,0,"Q",0,"Mrs",2,0.461355380182889,0.175668300772238
"1304","1","3","female",0,0,"S",0,"Miss",1,0.348615808593261,0.0151757893167128
"1305","0","3","male",0,0,"S",0,"Mr",1,0.372180103561368,0.0157125535690724
"1306","1","1","female",0,0,"C",0,"Lady",1,0.486408618313917,0.212558643934408
"1307","0","3","male",0,0,"S",0,"Mr",1,0.48014530878116,0.014151057562208
"1308","0","3","male",0,0,"S",0,"Mr",1,0.372180103561368,0.0157125535690724
"1309","0","3","male",1,1,"C",0,"Master",3,0.372180103561368,0.0436404952128436
